X,Y,OBJECTID_1,StationDesignation,FuelTypeCode,StationName,StreetAddress,IntersectionDirections,City_1,State,ZIP_1,Plus4,StationPhone,StatusCode,ExpectedDate,GroupsWithAccessCode,AccessDaysTime,CardsAccepted,BDBlends,NGFillTypeCode,NGPSI,EVLevel1EVSENum,EVLevel2EVSENum,EVDCFastCount,EVOtherInfo,EVNetwork,EVNetworkWeb,GeocodeStatus,Latitude,Longitude,DateLastConfirmed,ID,UpdatedAt,OwnerTypeCode,FederalAgencyID,FederalAgencyName,OpenDate,HydrogenStatusLink,NGVehicleClass,LPGPrimary,E85BlenderPump,EVConnectorTypes,Country,IntersectionDirectionsFrench,AccessDaysTimeFrench,BDBlendsFrench,GroupsWithAccessCodeFrench,HydrogenIsRetail,AccessCode,AccessDetailCode,FederalAgencyCode,FacilityType,CNGDispenserNum,CNGOnSiteRenewableSource,CNGTotalCompressionCapacity,CNGStorageCapacity,LNGOnSiteRenewableSource,E85OtherEthanolBlends,EVPricing,EVPricingFrench,LPGNozzleTypes,HydrogenPressures,HydrogenStandards,CNGFillTypeCode,CNGPSI,CNGVehicleClass,LNGVehicleClass,EVOnSiteRenewableSource,RestrictedAccess,RDBlends,RDBlendsFrench,RDBlendedwithBiodiesel,RDMaximumBiodieselLevel,NPSUnitName,CNGStationSellsRenewableNatural,LNGStationSellsRenewableNatural,MaximumVehicleClass,EVWorkplaceCharging,EVTotalPortCountBeta,EVCHAdeMOPortCountBeta,EVJ1772PortCountBeta,EVCCSPortCountBeta,EVNEMA1450PortCountBeta,EVNEMA515PortCountBeta,EVNEMA520PortCountBeta,EVTeslaPortCountBeta,EVCCS150pluskWPortCountBeta
-170926.820341182,98037.1465890333,1,NEVI Compliant,ELEC,America's Best Value Inn,3930 County Road 89,,Dunnigan,CA,95937,,833-632-2778,E,,Public,24 hours daily,,,,,,,4,,Electrify America,https://www.electrifyamerica.com/,GPS,38.88232,-121.97246,2024/03/07 00:00:00+00,121776,2024/03/07 03:21:30,,,,2019/02/01 00:00:00+00,,,,,CHADEMO J1772COMBO,US,,,,Public,,public,,,,,,,,,,,,,,,,,,,,,,,,,,,,,FALSE,4,1,0,4,0,0,0,0,4
-162082.004149309,-33590.692802093,2,NEVI Compliant,ELEC,San Francisco Premium Outlets,2774 Livermore Outlets Dr.,,Livermore,CA,94551,,833-632-2778,E,,Public,24 hours daily,,,,,,,10,,Electrify America,https://www.electrifyamerica.com/,GPS,37.70005,-121.84093,2024/03/07 00:00:00+00,121788,2024/03/07 03:22:16,,,,2018/10/03 00:00:00+00,,,,,CHADEMO J1772COMBO,US,,,,Public,,public,,,,,,,,,,,,,,,,,,,,,,,,,,,,,FALSE,10,1,0,10,0,0,0,0,10
154228.858624483,-423885.300851127,3,NEVI Compliant,ELEC,"Walmart 5686 - Burbank, CA",1301 N. Victory Place,,Burbank,CA,91502,,833-632-2778,E,,Public,24 hours daily,,,,,,,10,,Electrify America,https://www.electrifyamerica.com/,GPS,34.18859,-118.32651,2024/03/07 00:00:00+00,125760,2024/03/07 03:22:16,,,,2019/07/02 00:00:00+00,,,,,CHADEMO J1772COMBO,US,,,,Public,,public,,,,,,,,,,,,,,,,,,,,,,,,,,,,,FALSE,10,1,0,10,0,0,0,0,10
-348792.844526367,425087.789359717,4,NEVI Compliant,ELEC,"Walmart 1910 - Crescent City, CA",900 East Washington Blvd,,Crescent City,CA,95531,,833-632-2778,E,,Public,24 hours daily,,,,,,,4,,Electrify America,https://www.electrifyamerica.com/,GPS,41.77408,-124.18975,2024/03/07 00:00:00+00,126268,2024/03/07 03:21:21,,,,2019/07/04 00:00:00+00,,,,,CHADEMO J1772COMBO,US,,,,Public,,public,,,,,,,,,,,,,,,,,,,,,,,,,,,,,FALSE,4,1,0,4,0,0,0,0,4
226333.774936155,-435004.773985898,5,NEVI Compliant,ELEC,Ontario Mills,950 Ontario Mills Dr,,Ontario,CA,91764,,833-632-2778,E,,Public,24 hours daily,,,,,,,8,,Electrify America,https://www.electrifyamerica.com/,GPS,34.07424,-117.54753,2024/03/07 00:00:00+00,144238,2024/03/07 03:21:17,,,,2019/08/30 00:00:00+00,,,,,CHADEMO J1772COMBO,US,,,,Public,,public,,,,,,,,,,,,,,,,,,,,,,,,,,,,,FALSE,8,1,0,8,0,0,0,0,7
-77038.4487987373,-56121.3211460505,6,NEVI Compliant,ELEC,"Walmart 1963 - Turlock, CA",2111 Fulkerth Road,,Turlock,CA,95380,,833-632-2778,E,,Public,24 hours daily,,,,,,,4,,Electrify America,https://www.electrifyamerica.com/,GPS,37.50834,-120.87274,2024/03/07 00:00:00+00,145207,2024/03/07 03:21:33,,,,2019/09/13 00:00:00+00,,,,,CHADEMO J1772COMBO,US,,,,Public,,public,,,,,,,,,,,,,,,,,,,,,,,,,,,,,FALSE,4,1,0,4,0,0,0,0,4
-220477.60588807,412171.502967154,7,NEVI Compliant,ELEC,"Walmart 1630 - Yreka, CA",1906 Fort Jones Road,,Yreka,CA,96097,,833-632-2778,E,,Public,24 hours daily,,,,,,,4,,Electrify America,https://www.electrifyamerica.com/,GPS,41.69938,-122.64512,2024/03/07 00:00:00+00,145228,2024/03/07 03:21:21,,,,2019/09/14 00:00:00+00,,,,,CHADEMO J1772COMBO,US,,,,Public,,public,,,,,,,,,,,,,,,,,,,,,,,,,,,,,FALSE,4,1,0,4,0,0,0,0,4
349443.729360618,-467893.828273354,8,NEVI Compliant,ELEC,"Walmart 2181 - Indio, CA",82-491 Avenue 42,,Indio,CA,92203,,833-632-2778,E,,Public,24 hours daily,,,,,,,4,,Electrify America,https://www.electrifyamerica.com/,GPS,33.74143,-116.22888,2024/03/07 00:00:00+00,146616,2024/03/07 03:22:32,,,,2019/10/04 00:00:00+00,,,,,CHADEMO J1772COMBO,US,,,,Public,,public,,,,,,,,,,,,,,,,,,,,,,,,,,,,,FALSE,4,1,0,4,0,0,0,0,4
-167743.992173715,-65355.1423275564,9,NEVI Compliant,ELEC,Great Mall,447 Great Mall Drive,,Milpitas,CA,95035,,833-632-2778,E,,Public,24 hours daily,,,,,,,4,,Electrify America,https://www.electrifyamerica.com/,GPS,37.41336,-121.898,2024/03/07 00:00:00+00,146645,2024/03/07 03:22:09,,,,2019/10/05 00:00:00+00,,,,,CHADEMO J1772COMBO,US,,,,Public,,public,,,,,,,,,,,,,,,,,,,,,,,,,,,,,FALSE,4,1,0,4,0,0,0,0,4
184130.798654016,-472493.73313833,10,NEVI Compliant,ELEC,Westminster Mall,75 Westminster Mall,,Westminster,CA,92683,,833-632-2778,E,,Public,24 hours daily,,,,,,,4,,Electrify America,https://www.electrifyamerica.com/,GPS,33.74523,-118.01319,2024/03/07 00:00:00+00,147442,2024/03/07 03:20:24,,,,2019/11/01 00:00:00+00,,,,,CHADEMO J1772COMBO,US,,,,Public,,public,,,,,,,,,,,,,,,,,,,,,,,,,,,,,FALSE,4,1,0,4,0,0,0,0,4
195233.341383823,-468370.713577876,11,NEVI Compliant,ELEC,Outlets at Orange,20 City Blvd W,,Orange,CA,92868,,833-632-2778,E,,Public,24 hours daily,,,,,,1,4,,Electrify America,https://www.electrifyamerica.com/,GPS,33.78024,-117.89244,2024/03/07 00:00:00+00,147561,2024/03/07 03:20:20,,,,2019/11/07 00:00:00+00,,,,,CHADEMO J1772 J1772COMBO,US,,,,Public,,public,,,,,,,,,,,,,,,,,,,,,,,,,,,,,FALSE,5,1,1,4,0,0,0,0,4
-236912.57019509,50333.941102555,12,NEVI Compliant,ELEC,Santa Rosa Plaza,1071 Santa Rosa Plaza,,Santa Rosa,CA,95401,,833-632-2778,E,,Public,24 hours daily,,,,,,,6,,Electrify America,https://www.electrifyamerica.com/,GPS,38.43861,-122.71778,2024/03/07 00:00:00+00,147646,2024/03/07 03:22:09,,,,2019/11/09 00:00:00+00,,,,,CHADEMO J1772COMBO,US,,,,Public,,public,,,,,,,,,,,,,,,,,,,,,,,,,,,,,FALSE,6,1,0,6,0,0,0,0,6
250927.532145051,-449261.369086161,13,NEVI Compliant,ELEC,"Walmart 1899 - Riverside, CA",6250 Valley Springs Parkway,,Riverside,CA,92507,,833-632-2778,E,,Public,24 hours daily,,,,,,,4,,Electrify America,https://www.electrifyamerica.com/,GPS,33.93972,-117.2856,2024/03/07 00:00:00+00,149153,2024/03/07 03:21:34,,,,2019/11/14 00:00:00+00,,,,,CHADEMO J1772COMBO,US,,,,Public,,public,,,,,,,,,,,,,,,,,,,,,,,,,,,,,FALSE,4,1,0,4,0,0,0,0,4
67127.4409524957,26875.999666377,14,NEVI Compliant,ELEC,Bridgeport Shell,453 Main Street,,Bridgeport,CA,93517,,833-632-2778,E,,Public,24 hours daily,,,,,,,4,,Electrify America,https://www.electrifyamerica.com/,GPS,38.25569,-119.23194,2024/03/07 00:00:00+00,149421,2024/03/07 03:21:10,,,,2019/11/22 00:00:00+00,,,,,CHADEMO J1772COMBO,US,,,,Public,,public,,,,,,,,,,,,,,,,,,,,,,,,,,,,,FALSE,4,1,0,4,0,0,0,0,4
262258.49093015,-491715.59430827,15,NEVI Compliant,ELEC,"Sam's Club 4822 - Murrieta, CA",40500 MURRIETA HOT SPRINGS RD.,,Murrieta,CA,92563,,833-632-2778,E,,Public,24 hours daily,,,,,,,4,,Electrify America,https://www.electrifyamerica.com/,GPS,33.55405,-117.17677,2024/03/07 00:00:00+00,149639,2024/03/07 03:21:03,,,,2019/11/28 00:00:00+00,,,,,CHADEMO J1772COMBO,US,,,,Public,,public,,,,,,,,,,,,,,,,,,,,,,,,,,,,,FALSE,4,1,0,4,0,0,0,0,4
-170755.783762548,40774.4464691896,16,NEVI Compliant,ELEC,Vacaville Premium Outlets,321 Nut Tree Road,,Vacaville,CA,95687,,833-632-2778,E,,Public,24 hours daily,,,,,,,8,,Electrify America,https://www.electrifyamerica.com/,GPS,38.36731,-121.95685,2024/03/07 00:00:00+00,149834,2024/03/07 03:22:08,,,,2019/12/10 00:00:00+00,,,,,CHADEMO J1772COMBO,US,,,,Public,,public,,,,,,,,,,,,,,,,,,,,,,,,,,,,,FALSE,8,1,0,8,0,0,0,0,8
-62616.4247045428,-264926.976762237,17,NEVI Compliant,ELEC,BOA Paso Robles CA1-109,1511 Spring Street,,Paso Robles,CA,93446,,833-632-2778,E,,Public,24 hours daily,,,,,,,4,,Electrify America,https://www.electrifyamerica.com/,GPS,35.6306,-120.6921,2024/03/07 00:00:00+00,150384,2024/03/07 03:22:12,,,,2019/12/20 00:00:00+00,,,,,CHADEMO J1772COMBO,US,,,,Public,,public,,,,,,,,,,,,,,,,,,,,,,,,,,,,,FALSE,4,1,0,4,0,0,0,0,4
-200496.131061684,-22800.6349189784,18,NEVI Compliant,ELEC,"Target T2829 - Alameda, CA",2700 5th Street,,Alameda,CA,94501,,833-632-2778,E,,Public,24 hours daily,,,,,,,6,,Electrify America,https://www.electrifyamerica.com/,GPS,37.78958,-122.28003,2024/03/07 00:00:00+00,150477,2024/03/07 03:20:38,,,,2019/12/21 00:00:00+00,,,,,CHADEMO J1772COMBO,US,,,,Public,,public,,,,,,,,,,,,,,,,,,,,,,,,,,,,,FALSE,6,1,0,6,0,0,0,0,6
241499.568813862,-395717.873600995,19,NEVI Compliant,ELEC,"Walmart 4340 - Hesperia, CA",13401 Main Street,,Hesperia,CA,92345,,833-632-2778,E,,Public,24 hours daily,,,,,,,10,,Electrify America,https://www.electrifyamerica.com/,GPS,34.42454,-117.37148,2024/03/07 00:00:00+00,151969,2024/03/07 03:20:22,,,,2020/01/01 00:00:00+00,,,,,CHADEMO J1772COMBO,US,,,,Public,,public,,,,,,,,,,,,,,,,,,,,,,,,,,,,,FALSE,10,1,0,10,0,0,0,0,10
185014.029692355,-460130.677287834,20,NEVI Compliant,ELEC,"Target T2082 - Buena Park, CA",7530 Orangethorpe Avenue,,Buena Park,CA,90621,,833-632-2778,E,,Public,24 hours daily,,,,,,,6,,Electrify America,https://www.electrifyamerica.com/,GPS,33.85652,-118.00085,2024/03/07 00:00:00+00,151971,2024/03/07 03:21:17,,,,2020/01/01 00:00:00+00,,,,,CHADEMO J1772COMBO,US,,,,Public,,public,,,,,,,,,,,,,,,,,,,,,,,,,,,,,FALSE,6,1,0,6,0,0,0,0,6
-138840.168617634,-109136.439718235,21,NEVI Compliant,ELEC,Gilroy Premium Outlets,681 Leavesley Road,,Gilroy,CA,95020,,833-632-2778,E,,Public,24 hours daily,,,,,,,8,,Electrify America,https://www.electrifyamerica.com/,GPS,37.02431,-121.56286,2024/03/07 00:00:00+00,152120,2024/03/07 03:22:13,,,,2020/01/04 00:00:00+00,,,,,CHADEMO J1772COMBO,US,,,,Public,,public,,,,,,,,,,,,,,,,,,,,,,,,,,,,,FALSE,8,1,0,8,0,0,0,0,8
-57302.3765380188,-319810.781842588,22,NEVI Compliant,ELEC,Pismo Beach Premium Outlets,333 Five Cities Drive,,Pismo Beach,CA,93449,,833-632-2778,E,,Public,24 hours daily,,,,,,,4,,Electrify America,https://www.electrifyamerica.com/,GPS,35.13678,-120.62934,2024/03/07 00:00:00+00,152395,2024/03/07 03:22:12,,,,2020/01/11 00:00:00+00,,,,,CHADEMO J1772COMBO,US,,,,Public,,public,,,,,,,,,,,,,,,,,,,,,,,,,,,,,FALSE,4,1,0,4,0,0,0,0,4
-17963.0494430879,144877.166170221,23,NEVI Compliant,ELEC,"Save Mart 627 - Truckee, CA",11399 Deerfield Drive.,,Truckee,CA,96161,,833-632-2778,E,,Public,24 hours daily,,,,,,,4,,Electrify America,https://www.electrifyamerica.com/,GPS,39.31959,-120.20852,2024/03/07 00:00:00+00,152396,2024/03/07 03:21:04,,,,2020/01/11 00:00:00+00,,,,,CHADEMO J1772COMBO,US,,,,Public,,public,,,,,,,,,,,,,,,,,,,,,,,,,,,,,FALSE,4,1,0,4,0,0,0,0,4
-129551.823701998,-28267.5821231594,24,NEVI Compliant,ELEC,"Walmart 2025 - Tracy, CA",3010 W Grant Line Road,,Tracy,CA,95304,,833-632-2778,E,,Public,24 hours daily,,,,,,,4,,Electrify America,https://www.electrifyamerica.com/,GPS,37.75304,-121.47246,2024/03/07 00:00:00+00,153521,2024/03/07 03:22:10,,,,2020/02/07 00:00:00+00,,,,,CHADEMO J1772COMBO,US,,,,Public,,public,,,,,,,,,,,,,,,,,,,,,,,,,,,,,FALSE,4,1,0,4,0,0,0,0,4
-191686.018128667,-61648.0998858307,25,NEVI Compliant,ELEC,Stanford Shopping Center,660 Stanford Shopping Center,,Palo Alto,CA,94304,,833-632-2778,E,,Public,24 hours daily,,,,,,,6,,Electrify America,https://www.electrifyamerica.com/,GPS,37.44208,-122.16977,2024/03/07 00:00:00+00,153726,2024/03/07 03:22:09,,,,2020/02/14 00:00:00+00,,,,,CHADEMO J1772COMBO,US,,,,Public,,public,,,,,,,,,,,,,,,,,,,,,,,,,,,,,FALSE,6,1,0,6,0,0,0,0,6
-120647.031287525,4663.33557321038,26,NEVI Compliant,ELEC,"Walmart 3352 - Stockton, CA",10355 Trinity Parkway,,Stockton,CA,95219,,833-632-2778,E,,Public,24 hours daily,,,,,,,8,,Electrify America,https://www.electrifyamerica.com/,GPS,38.05044,-121.3767,2024/03/07 00:00:00+00,153875,2024/03/07 03:23:02,,,,2020/02/21 00:00:00+00,,,,,CHADEMO J1772COMBO,US,,,,Public,,public,,,,,,,,,,,,,,,,,,,,,,,,,,,,,FALSE,8,1,0,8,0,0,0,0,8
60221.5512168785,-198630.572072584,27,NEVI Compliant,ELEC,"Walmart 2536 - Tulare, CA",1110 E. Prosperity Ave.,,Tulare,CA,93274,,833-632-2778,E,,Public,24 hours daily,,,,,,,4,,Electrify America,https://www.electrifyamerica.com/,GPS,36.22745,-119.32921,2024/03/07 00:00:00+00,153897,2024/03/07 03:22:28,,,,2020/02/22 00:00:00+00,,,,,CHADEMO J1772COMBO,US,,,,Public,,public,,,,,,,,,,,,,,,,,,,,,,,,,,,,,FALSE,4,1,0,4,0,0,0,0,4
-353722.64001057,314561.289423726,28,NEVI Compliant,ELEC,Eureka-Bayshore Mall,3300 Broadway Street,,Eureka,CA,95501,,833-632-2778,E,,Public,24 hours daily,,,,,,,4,,Electrify America,https://www.electrifyamerica.com/,GPS,40.77697,-124.19025,2024/03/07 00:00:00+00,154187,2024/03/07 03:21:53,,,,2020/02/29 00:00:00+00,,,,,CHADEMO J1772COMBO,US,,,,Public,,public,,,,,,,,,,,,,,,,,,,,,,,,,,,,,FALSE,4,1,0,4,0,0,0,0,4
229620.618942155,-455308.806873227,29,NEVI Compliant,ELEC,"Walmart 1912 - Corona, CA",479 McKinley St.,,Corona,CA,92879,,833-632-2778,E,,Public,24 hours daily,,,,,,,4,,Electrify America,https://www.electrifyamerica.com/,GPS,33.89048,-117.51769,2024/03/07 00:00:00+00,154710,2024/03/07 03:22:28,,,,2020/03/25 00:00:00+00,,,,,CHADEMO J1772COMBO,US,,,,Public,,public,,,,,,,,,,,,,,,,,,,,,,,,,,,,,FALSE,4,1,0,4,0,0,0,0,4
-147217.973354412,-142951.121046374,30,NEVI Compliant,ELEC,"Walmart 2458 - Salinas, CA",1800 North Main St.,,Salinas,CA,93906,,833-632-2778,E,,Public,24 hours daily,,,,,,,4,,Electrify America,https://www.electrifyamerica.com/,GPS,36.71885,-121.65052,2024/03/07 00:00:00+00,154711,2024/03/07 03:21:36,,,,2020/03/25 00:00:00+00,,,,,CHADEMO J1772COMBO,US,,,,Public,,public,,,,,,,,,,,,,,,,,,,,,,,,,,,,,FALSE,4,1,0,4,0,0,0,0,4
274690.446790534,-343741.377537249,31,NEVI Compliant,ELEC,"Walmart 1879 - Barstow, CA",301 Montara Road,,Barstow,CA,92311,,833-632-2778,E,,Public,24 hours daily,,,,,,,8,,Electrify America,https://www.electrifyamerica.com/,GPS,34.88372,-116.99251,2024/03/07 00:00:00+00,154846,2024/03/07 03:20:27,,,,2020/03/31 00:00:00+00,,,,,CHADEMO J1772COMBO,US,,,,Public,,public,,,,,,,,,,,,,,,,,,,,,,,,,,,,,FALSE,8,1,0,8,0,0,0,0,8
216627.322317081,-492600.495226616,32,NEVI Compliant,ELEC,Shops at Mission Viejo,555 Shops Blvd.,,Mission Viejo,CA,92691,,833-632-2778,E,,Public,24 hours daily,,,,,,,4,,Electrify America,https://www.electrifyamerica.com/,GPS,33.55726,-117.66801,2024/03/07 00:00:00+00,155195,2024/03/07 03:20:34,,,,2020/04/04 00:00:00+00,,,,,CHADEMO J1772COMBO,US,,,,Public,,public,,,,,,,,,,,,,,,,,,,,,,,,,,,,,FALSE,4,1,0,4,0,0,0,0,4
190747.595376808,-462279.718204744,33,NEVI Compliant,ELEC,Walmart 2242 Anaheim,440 N. Euclid St.,,Anaheim,CA,92801,,833-632-2778,E,,Public,24 hours daily,,,,,,,10,,Electrify America,https://www.electrifyamerica.com/,GPS,33.83604,-117.93942,2024/03/07 00:00:00+00,155557,2024/03/07 03:22:47,,,,2020/04/24 00:00:00+00,,,,,CHADEMO J1772COMBO,US,,,,Public,,public,,,,,,,,,,,,,,,,,,,,,,,,,,,,,FALSE,10,1,0,10,0,0,0,0,8
248560.413452512,-437173.583628593,34,NEVI Compliant,ELEC,Walmart 1692 Colton,1120 S. Mount Vernon Avenue,,Colton,CA,92324,,833-632-2778,E,,Public,24 hours daily,,,,,,,6,,Electrify America,https://www.electrifyamerica.com/,GPS,34.04926,-117.30748,2024/03/07 00:00:00+00,155575,2024/03/07 03:23:04,,,,2020/04/25 00:00:00+00,,,,,CHADEMO J1772COMBO,US,,,,Public,,public,,,,,,,,,,,,,,,,,,,,,,,,,,,,,FALSE,6,1,0,6,0,0,0,0,6
86185.3037775712,-421565.014579892,35,NEVI Compliant,ELEC,"Camarillo Premium Outlets (Camarillo, CA)",740 Ventura Blvd,,Camarillo,CA,93010,,833-632-2778,E,,Public,24 hours daily,,,,,,,10,,Electrify America,https://www.electrifyamerica.com/,GPS,34.21794,-119.06452,2024/03/07 00:00:00+00,157990,2024/03/07 03:21:20,,,,2020/05/29 00:00:00+00,,,,,CHADEMO J1772COMBO,US,,,,Public,,public,,,,,,,,,,,,,,,,,,,,,,,,,,,,,FALSE,10,1,0,10,0,0,0,0,10
278298.735822549,-603044.475797441,36,NEVI Compliant,ELEC,Las Americas Premium Outlets,4211 Camino De La Plaza,,San Diego,CA,92173,,833-632-2778,E,,Public,24 hours daily,,,,,,,4,,Electrify America,https://www.electrifyamerica.com/,GPS,32.54525,-117.04159,2024/03/07 00:00:00+00,163499,2024/03/07 03:22:27,,,,2020/06/19 00:00:00+00,,,,,CHADEMO J1772COMBO,US,,,,Public,,public,,,,,,,,,,,,,,,,,,,,,,,,,,,,,FALSE,4,1,0,4,0,0,0,0,4
-214599.940013288,-58864.8953486094,37,NEVI Compliant,ELEC,BOA Half Moon Bay CA5-109,620 Main St,,Half Moon Bay,CA,94019,,833-632-2778,E,,Public,24 hours daily,,,,,,,4,,Electrify America,https://www.electrifyamerica.com/,GPS,37.46211,-122.42984,2024/03/07 00:00:00+00,164429,2024/03/07 03:22:11,,,,2020/07/22 00:00:00+00,,,,,CHADEMO J1772COMBO,US,,,,Public,,public,,,,,,,,,,,,,,,,,,,,,,,,,,,,,FALSE,4,1,0,4,0,0,0,0,4
184851.048531446,-216857.315274833,38,NEVI Compliant,ELEC,Coso Junction Store,20 Gills Station Road,,Olancha,CA,93549,,833-632-2778,E,,Public,24 hours daily,,,,,,,4,,Electrify America,https://www.electrifyamerica.com/,GPS,36.04731,-117.94566,2024/03/07 00:00:00+00,164458,2024/03/07 03:20:16,,,,2020/07/23 00:00:00+00,,,,,CHADEMO J1772COMBO,US,,,,Public,,public,,,,,,,,,,,,,,,,,,,,,,,,,,,,,FALSE,4,1,0,4,0,0,0,0,4
-218943.010428086,-26296.5126723312,39,NEVI Compliant,ELEC,"Safeway 0985 - San Francisco, CA",2350 Noriega St.,,San Francisco,CA,94122,,833-632-2778,E,,Public,24 hours daily,,,,,,,4,,Electrify America,https://www.electrifyamerica.com/,GPS,37.75397,-122.48867,2024/03/07 00:00:00+00,165184,2024/03/07 03:22:13,,,,2020/08/12 00:00:00+00,,,,,CHADEMO J1772COMBO,US,,,,Public,,public,,,,,,,,,,,,,,,,,,,,,,,,,,,,,FALSE,4,1,0,4,0,0,0,0,4
294806.085620442,-449331.940703275,40,NEVI Compliant,ELEC,Desert Hills Premium Outlets,48400 Seminole Dr.,,Cabazon,CA,92230,,833-632-2778,E,,Public,24 hours daily,,,,,,,4,,Electrify America,https://www.electrifyamerica.com/,GPS,33.92677,-116.8113,2024/03/07 00:00:00+00,165415,2024/03/07 03:21:03,,,,2020/08/25 00:00:00+00,,,,,CHADEMO J1772COMBO,US,,,,Public,,public,,,,,,,,,,,,,,,,,,,,,,,,,,,,,FALSE,4,1,0,4,0,0,0,0,4
290545.223806546,-571881.735117152,41,NEVI Compliant,ELEC,Walmart 2253 El Cajon,13487 Camino Canada,,El Cajon,CA,92021,,833-632-2778,E,,Public,24 hours daily,,,,,,,6,,Electrify America,https://www.electrifyamerica.com/,GPS,32.82299,-116.90067,2024/03/07 00:00:00+00,165515,2024/03/07 03:22:56,,,,2020/08/26 00:00:00+00,,,,,CHADEMO J1772COMBO,US,,,,Public,,public,,,,,,,,,,,,,,,,,,,,,,,,,,,,,FALSE,6,1,0,6,0,0,0,0,5
-55861.5619031796,-153068.651667278,42,NEVI Compliant,ELEC,Panoche Shell,46331 W Panoche Road,,Firebaugh,CA,93622,,833-632-2778,E,,Public,24 hours daily,,,,,,,6,,Electrify America,https://www.electrifyamerica.com/,GPS,36.63769,-120.6256,2024/03/07 00:00:00+00,165642,2024/03/07 03:21:49,,,,2020/08/28 00:00:00+00,,,,,CHADEMO J1772COMBO,US,,,,Public,,public,,,,,,,,,,,,,,,,,,,,,,,,,,,,,FALSE,6,1,0,6,0,0,0,0,6
356155.348362687,-298704.747532347,43,NEVI Compliant,ELEC,"Ultra Gas and Mart (Baker, CA)",71808 Baker Blvd,,Baker,CA,92309,,833-632-2778,E,,Public,24 hours daily,,,,,,,12,,Electrify America,https://www.electrifyamerica.com/,GPS,35.26226,-116.0811,2024/03/07 00:00:00+00,165658,2024/03/07 03:21:04,,,,2020/08/28 00:00:00+00,,,,,CHADEMO J1772COMBO,US,,,,Public,,public,,,,,,,,,,,,,,,,,,,,,,,,,,,,,FALSE,12,1,0,12,0,0,0,0,12
195724.737111328,-453441.794265963,44,NEVI Compliant,ELEC,Brea Mall,1065 Brea Mall Drive,,Brea,CA,92821,,833-632-2778,E,,Public,24 hours daily,,,,,,,4,,Electrify America,https://www.electrifyamerica.com/,GPS,33.91472,-117.88354,2024/03/07 00:00:00+00,166907,2024/03/07 03:21:18,,,,2020/09/17 00:00:00+00,,,,,CHADEMO J1772COMBO,US,,,,Public,,public,,,,,,,,,,,,,,,,,,,,,,,,,,,,,FALSE,4,1,0,4,0,0,0,0,4
-118222.752235302,-177177.659485288,45,NEVI Compliant,ELEC,Foods Co 387,2443-H DELA ROSA SR ST,,Soledad,CA,93960,,833-632-2778,E,,Public,24 hours daily,,,,,,,4,,Electrify America,https://www.electrifyamerica.com/,GPS,36.41501,-121.32015,2024/03/07 00:00:00+00,167524,2024/03/07 03:22:11,,,,2020/10/14 00:00:00+00,,,,,CHADEMO J1772COMBO,US,,,,Public,,public,,,,,,,,,,,,,,,,,,,,,,,,,,,,,FALSE,4,1,0,4,0,0,0,0,4
260414.686310054,-435955.402583757,46,NEVI Compliant,ELEC,"BOA Redlands Main CA6-130 (Redlands, CA)",305 E STATE ST,,Redlands,CA,92373,,833-632-2778,E,,Public,24 hours daily,,,,,,,4,,Electrify America,https://www.electrifyamerica.com/,GPS,34.05713,-117.17875,2024/03/07 00:00:00+00,167525,2024/03/07 03:22:34,,,,2020/10/14 00:00:00+00,,,,,CHADEMO J1772COMBO,US,,,,Public,,public,,,,,,,,,,,,,,,,,,,,,,,,,,,,,FALSE,4,1,0,4,0,0,0,0,4
20369.9678142588,-132747.757997207,47,NEVI Compliant,ELEC,"Save Mart 651 (Fresno, CA)",5750 North First St,,Fresno,CA,93710,,833-632-2778,E,,Public,24 hours daily,,,,,,,4,,Electrify America,https://www.electrifyamerica.com/,GPS,36.82196,-119.77134,2024/03/07 00:00:00+00,169435,2024/03/07 03:21:45,,,,2020/11/24 00:00:00+00,,,,,CHADEMO J1772COMBO,US,,,,Public,,public,,,,,,,,,,,,,,,,,,,,,,,,,,,,,FALSE,4,1,0,4,0,0,0,0,4
-21315.032437085,-195851.06346835,48,NEVI Compliant,ELEC,Harris Ranch Inn & Restaurant,24505 West Dorris Avenue,,Coalinga,CA,93210,,833-632-2778,E,,Public,24 hours daily,,,,,,,6,,Electrify America,https://www.electrifyamerica.com/,GPS,36.25414,-120.23752,2024/03/07 00:00:00+00,170206,2024/03/07 03:21:46,,,,2020/12/16 00:00:00+00,,,,,CHADEMO J1772COMBO,US,,,,Public,,public,,,,,,,,,,,,,,,,,,,,,,,,,,,,,FALSE,6,1,0,6,0,0,0,0,6
269608.578923903,-580898.44625565,49,NEVI Compliant,ELEC,"BoA North Park CA0-118 (San Diego, CA)",3101 UNIVERSITY AVE,,San Diego,CA,92104,,833-632-2778,E,,Public,24 hours daily,,,,,,,4,,Electrify America,https://www.electrifyamerica.com/,GPS,32.74757,-117.12678,2024/03/07 00:00:00+00,170298,2024/03/07 03:22:50,,,,2020/12/18 00:00:00+00,,,,,CHADEMO J1772COMBO,US,,,,Public,,public,,,,,,,,,,,,,,,,,,,,,,,,,,,,,FALSE,4,1,0,4,0,0,0,0,4
2615.27429990836,103229.556751354,50,NEVI Compliant,ELEC,South Lake Tahoe CA1-139,3344 Lake Tahoe Blvd,,South Lake Tahoe,CA,96150,,833-632-2778,E,,Public,24 hours daily,,,,,,,4,,Electrify America,https://www.electrifyamerica.com/,GPS,38.94503,-119.96981,2024/03/07 00:00:00+00,170314,2024/03/07 03:21:09,,,,2020/12/18 00:00:00+00,,,,,CHADEMO J1772COMBO,US,,,,Public,,public,,,,,,,,,,,,,,,,,,,,,,,,,,,,,FALSE,4,1,0,4,0,0,0,0,4
-7270.84407897654,-115728.666619487,51,NEVI Compliant,ELEC,"Walmart 1583 - Madera, CA",1977 W Cleveland Avenue,,Madera,CA,93637,,833-632-2778,E,,Public,24 hours daily,,,,,,,6,,Electrify America,https://www.electrifyamerica.com/,GPS,36.97527,-120.0818,2024/03/07 00:00:00+00,170330,2024/03/07 03:21:22,,,,2020/12/18 00:00:00+00,,,,,CHADEMO J1772COMBO,US,,,,Public,,public,,,,,,,,,,,,,,,,,,,,,,,,,,,,,FALSE,6,1,0,6,0,0,0,0,6
32729.7340963737,-159942.595831087,52,NEVI Compliant,ELEC,"Walmart 1882 - Selma, CA",3400 Floral Avenue,,Selma,CA,93662,,833-632-2778,E,,Public,24 hours daily,,,,,,,4,,Electrify America,https://www.electrifyamerica.com/,GPS,36.57693,-119.63377,2024/03/07 00:00:00+00,170331,2024/03/07 03:21:58,,,,2020/12/18 00:00:00+00,,,,,CHADEMO J1772COMBO,US,,,,Public,,public,,,,,,,,,,,,,,,,,,,,,,,,,,,,,FALSE,4,1,0,4,0,0,0,0,4
-225132.001751357,12694.1182003682,53,NEVI Compliant,ELEC,Novato Fair Shopping Center,900 Diablo Avenue,,Novato,CA,94947,,833-632-2778,E,,Public,24 hours daily,,,,,,,8,,Electrify America,https://www.electrifyamerica.com/,GPS,38.1031,-122.571,2024/03/07 00:00:00+00,170337,2024/03/07 03:22:14,,,,2020/12/18 00:00:00+00,,,,,CHADEMO J1772COMBO,US,,,,Public,,public,,,,,,,,,,,,,,,,,,,,,,,,,,,,,FALSE,8,1,0,8,0,0,0,0,8
-194161.086001437,273167.283459049,54,NEVI Compliant,ELEC,"Safeway 0273 - Anderson, CA",2601 Balls Ferry Road,,Anderson,CA,96007,,833-632-2778,E,,Public,24 hours daily,,,,,,,4,,Electrify America,https://www.electrifyamerica.com/,GPS,40.45346,-122.28927,2024/03/07 00:00:00+00,170354,2024/03/07 03:21:45,,,,2020/12/18 00:00:00+00,,,,,CHADEMO J1772COMBO,US,,,,Public,,public,,,,,,,,,,,,,,,,,,,,,,,,,,,,,FALSE,4,1,0,4,0,0,0,0,4
-162975.533966172,-71584.3829308292,55,NEVI Compliant,ELEC,"BOA Alum Rock CA3-138 (San Jose, CA)",2300 Alum Rock Ave,,San Jose,CA,95116,,833-632-2778,E,,Public,24 hours daily,,,,,,,4,,Electrify America,https://www.electrifyamerica.com/,GPS,37.35818,-121.84269,2024/03/07 00:00:00+00,170472,2024/03/07 03:21:28,,,,2020/12/23 00:00:00+00,,,,,CHADEMO J1772COMBO,US,,,,Public,,public,,,,,,,,,,,,,,,,,,,,,,,,,,,,,FALSE,4,1,0,4,0,0,0,0,4
200494.79525221,-465687.569557445,56,NEVI Compliant,ELEC,"BoA CA7-193 (Orange, CA)",941 N Tustin St,,Orange,CA,92867,,833-632-2778,E,,Public,24 hours daily,,,,,,,4,,Electrify America,https://www.electrifyamerica.com/,GPS,33.80336,-117.835,2024/03/07 00:00:00+00,170689,2024/03/07 03:22:22,,,,2020/12/31 00:00:00+00,,,,,CHADEMO J1772COMBO,US,,,,Public,,public,,,,,,,,,,,,,,,,,,,,,,,,,,,,,FALSE,4,1,0,4,0,0,0,0,4
492433.141190598,-339092.938972866,57,NEVI Compliant,ELEC,"City of Needles Charging Depot (Needles, CA)",1199 Third St,,Needles,CA,92363,,833-632-2778,E,,Public,24 hours daily,,,,,,,4,,Electrify America,https://www.electrifyamerica.com/,GPS,34.83871,-114.60962,2024/03/07 00:00:00+00,170690,2024/03/07 03:20:43,,,,2020/12/31 00:00:00+00,,,,,CHADEMO J1772COMBO,US,,,,Public,,public,,,,,,,,,,,,,,,,,,,,,,,,,,,,,FALSE,4,1,0,4,0,0,0,0,4
200803.424611513,-432409.035081113,58,NEVI Compliant,ELEC,Target T0767 San Dimas,888 W Arrow Hwy,,San Dimas,CA,91773,,833-632-2778,E,,Public,24 hours daily,,,,,,,4,,Electrify America,https://www.electrifyamerica.com/,GPS,34.10325,-117.82342,2024/03/07 00:00:00+00,171391,2024/03/07 03:20:33,,,,2021/01/20 00:00:00+00,,,,,CHADEMO J1772COMBO,US,,,,Public,,public,,,,,,,,,,,,,,,,,,,,,,,,,,,,,FALSE,4,1,0,4,0,0,0,0,4
172242.368806073,-437150.119303374,59,NEVI Compliant,ELEC,"Ralphs 715 (Monterey Park, CA)",330 N ATLANTIC BLVD EV,,Monterey Park,CA,91754,,833-632-2778,E,,Public,24 hours daily,,,,,,,4,,Electrify America,https://www.electrifyamerica.com/,GPS,34.06601,-118.13393,2024/03/07 00:00:00+00,171396,2024/03/07 03:20:35,,,,2021/01/20 00:00:00+00,,,,,CHADEMO J1772COMBO,US,,,,Public,,public,,,,,,,,,,,,,,,,,,,,,,,,,,,,,FALSE,4,1,0,4,0,0,0,0,4
333474.197035423,-470359.122295979,60,NEVI Compliant,ELEC,"Target T0940 (Palm Desert, CA)",72549 Highway 111,,Palm Desert,CA,92260,,833-632-2778,E,,Public,24 hours daily,,,,,,,4,,Electrify America,https://www.electrifyamerica.com/,GPS,33.72481,-116.40206,2024/03/07 00:00:00+00,171424,2024/03/07 03:22:21,,,,2021/01/22 00:00:00+00,,,,,CHADEMO J1772COMBO,US,,,,Public,,public,,,,,,,,,,,,,,,,,,,,,,,,,,,,,FALSE,4,1,0,4,0,0,0,0,4
30274.8934456449,-76261.7091645245,61,NEVI Compliant,ELEC,"Central Valley Bank (Oakhurst, CA)",40004 CA-41,,Oakhurst,CA,93644,,833-632-2778,E,,Public,24 hours daily,,,,,,,4,,Electrify America,https://www.electrifyamerica.com/,GPS,37.32986,-119.65786,2024/03/07 00:00:00+00,183859,2024/03/07 03:21:52,,,,2021/02/06 00:00:00+00,,,,,CHADEMO J1772COMBO,US,,,,Public,,public,,,,,,,,,,,,,,,,,,,,,,,,,,,,,FALSE,4,1,0,4,0,0,0,0,4
259325.56756069,-534762.80145674,62,NEVI Compliant,ELEC,"Vista Medical Center (Vista, CA)",780 SHADOWRIDGE DRIVE,,Vista,CA,92083,,833-632-2778,E,,Public,24 hours daily,,,,,,,4,,Electrify America,https://www.electrifyamerica.com/,GPS,33.16662,-117.2219,2024/03/07 00:00:00+00,185257,2024/03/07 03:22:54,,,,2021/02/20 00:00:00+00,,,,,CHADEMO J1772COMBO,US,,,,Public,,public,,,,,,,,,,,,,,,,,,,,,,,,,,,,,FALSE,4,1,0,4,0,0,0,0,4
284281.299570319,-573748.780975066,63,NEVI Compliant,ELEC,"BOA El Cajon Main CA0-132 (El Cajon, CA)",512 Fletcher Parkway,,El Cajon,CA,92020,,833-632-2778,E,,Public,24 hours daily,,,,,,,4,,Electrify America,https://www.electrifyamerica.com/,GPS,32.80797,-116.96808,2024/03/07 00:00:00+00,185258,2024/03/07 03:22:53,,,,2021/02/20 00:00:00+00,,,,,CHADEMO J1772COMBO,US,,,,Public,,public,,,,,,,,,,,,,,,,,,,,,,,,,,,,,FALSE,4,1,0,4,0,0,0,0,4
-236892.265434522,42486.5409073811,64,NEVI Compliant,ELEC,"Walmart 1755 (Rohnert Park, CA)",4625 Redwood Dr,,Rohnert Park,CA,94928,,833-632-2778,E,,Public,24 hours daily,,,,,,,4,,Electrify America,https://www.electrifyamerica.com/,GPS,38.36805,-122.71497,2024/03/07 00:00:00+00,186089,2024/03/07 03:21:50,,,,2021/03/11 00:00:00+00,,,,,CHADEMO J1772COMBO,US,,,,Public,,public,,,,,,,,,,,,,,,,,,,,,,,,,,,,,FALSE,4,1,0,4,0,0,0,0,4
154715.25176096,-452642.993739994,65,NEVI Compliant,ELEC,"BOA Crenshaw Imperial CA8-191 (Inglewood, CA)",11525 CRENSHAW BLVD.,,Inglewood,CA,90303,,833-632-2778,E,,Public,24 hours daily,,,,,,,4,,Electrify America,https://www.electrifyamerica.com/,GPS,33.92931,-118.32674,2024/03/07 00:00:00+00,186282,2024/03/07 03:21:18,,,,2021/03/17 00:00:00+00,,,,,CHADEMO J1772COMBO,US,,,,Public,,public,,,,,,,,,,,,,,,,,,,,,,,,,,,,,FALSE,4,1,0,4,0,0,0,0,4
189696.953159049,-476324.94043329,66,NEVI Compliant,ELEC,"BoA CA6-136 (Fountain Valley, CA)",17430 Brookhurst St,,Fountain Valley,CA,92708,,833-632-2778,E,,Public,24 hours daily,,,,,,,4,,Electrify America,https://www.electrifyamerica.com/,GPS,33.70962,-117.95404,2024/03/07 00:00:00+00,187838,2024/03/07 03:22:59,,,,2021/04/21 00:00:00+00,,,,,CHADEMO J1772COMBO,US,,,,Public,,public,,,,,,,,,,,,,,,,,,,,,,,,,,,,,FALSE,4,1,0,4,0,0,0,0,4
-186389.799137782,-66337.6002273094,67,NEVI Compliant,ELEC,Walmart 2280 Mountain View,600 Showers Drive,,Mountain View,CA,94040,,833-632-2778,E,,Public,24 hours daily,,,,,,,6,,Electrify America,https://www.electrifyamerica.com/,GPS,37.40098,-122.10866,2024/03/07 00:00:00+00,188023,2024/03/07 03:22:19,,,,2021/04/27 00:00:00+00,,,,,CHADEMO J1772COMBO,US,,,,Public,,public,,,,,,,,,,,,,,,,,,,,,,,,,,,,,FALSE,6,1,0,6,0,0,0,0,6
-130345.356316531,70349.4317405457,68,NEVI Compliant,ELEC,Target T2115 N. Freeway,3601 N. Freeway Blvd.,,Sacramento,CA,95834,,833-632-2778,E,,Public,24 hours daily,,,,,,,4,,Electrify America,https://www.electrifyamerica.com/,GPS,38.63995,-121.4992,2024/03/07 00:00:00+00,190399,2024/03/07 03:20:18,,,,2021/05/30 00:00:00+00,,,,,CHADEMO J1772COMBO,US,,,,Public,,public,,,,,,,,,,,,,,,,,,,,,,,,,,,,,FALSE,4,1,0,4,0,0,0,0,4
-104762.961090768,88330.987466149,69,NEVI Compliant,ELEC,"Target T2604 - Rocklin, CA",5104 Commons Drive,,Rocklin,CA,95677,,833-632-2778,E,,Public,24 hours daily,,,,,,,6,,Electrify America,https://www.electrifyamerica.com/,GPS,38.80499,-121.20763,2024/03/07 00:00:00+00,190400,2024/03/07 03:21:47,,,,2021/05/30 00:00:00+00,,,,,CHADEMO J1772COMBO,US,,,,Public,,public,,,,,,,,,,,,,,,,,,,,,,,,,,,,,FALSE,6,1,0,6,0,0,0,0,6
-130346.866972102,61777.0084708743,70,NEVI Compliant,ELEC,Target T0310 Riverside Blvd.,2505 Riverside Blvd.,,Sacramento,CA,95818,,833-632-2778,E,,Public,24 hours daily,,,,,,,6,,Electrify America,https://www.electrifyamerica.com/,GPS,38.56284,-121.49766,2024/03/07 00:00:00+00,190401,2024/03/07 03:20:29,,,,2021/05/30 00:00:00+00,,,,,CHADEMO J1772COMBO,US,,,,Public,,public,,,,,,,,,,,,,,,,,,,,,,,,,,,,,FALSE,6,1,0,6,0,0,0,0,6
-124264.903152578,60153.448066623,71,NEVI Compliant,ELEC,Target T2492 4th Avenue,6507 4th Avenue,,Sacramento,CA,95817,,833-632-2778,E,,Public,24 hours daily,,,,,,,6,,Electrify America,https://www.electrifyamerica.com/,GPS,38.54908,-121.42751,2024/03/07 00:00:00+00,190404,2024/03/07 03:21:15,,,,2021/05/30 00:00:00+00,,,,,CHADEMO J1772COMBO,US,,,,Public,,public,,,,,,,,,,,,,,,,,,,,,,,,,,,,,FALSE,6,1,0,6,0,0,0,0,6
-123632.356346855,47903.8289921191,72,NEVI Compliant,ELEC,Laguna Village,8785 Center Parkway,,Sacramento,CA,95823,,833-632-2778,E,,Public,24 hours daily,,,,,,,4,,Electrify America,https://www.electrifyamerica.com/,GPS,38.43898,-121.41814,2024/03/07 00:00:00+00,190405,2024/03/07 03:21:19,,,,2021/05/30 00:00:00+00,,,,,CHADEMO J1772COMBO,US,,,,Public,,public,,,,,,,,,,,,,,,,,,,,,,,,,,,,,FALSE,4,1,0,4,0,0,0,0,4
-138103.263645445,74693.6301348899,73,NEVI Compliant,ELEC,Sacramento International Airport,6900 Airport Blvd.,,Sacramento,CA,95837,,833-632-2778,E,,Public,24 hours daily,,,,,,,8,,Electrify America,https://www.electrifyamerica.com/,GPS,38.67789,-121.58925,2024/03/07 00:00:00+00,190410,2024/03/07 03:21:05,,,,2021/05/30 00:00:00+00,,,,,CHADEMO J1772COMBO,US,,,,Public,,public,,,,,,,,,,,,,,,,,,,,,,,,,,,,,FALSE,8,1,0,8,0,0,0,0,8
-124932.766230768,54508.1930165673,74,NEVI Compliant,ELEC,"Walmart 2735 - Sacramento, CA",6051 Florin Road,,Sacramento,CA,95823,,833-632-2778,E,,Public,24 hours daily,,,,,,,4,,Electrify America,https://www.electrifyamerica.com/,GPS,38.49821,-121.4342,2024/03/07 00:00:00+00,190418,2024/03/07 03:21:05,,,,2021/05/30 00:00:00+00,,,,,CHADEMO J1772COMBO,US,,,,Public,,public,,,,,,,,,,,,,,,,,,,,,,,,,,,,,FALSE,4,1,0,4,0,0,0,0,4
-103341.397223043,70303.461853209,75,NEVI Compliant,ELEC,"Folsom Premium Outlets (Folsom, CA)",13000 Folsom Blvd.,,Folsom,CA,95630,,833-632-2778,E,,Public,24 hours daily,,,,,,,4,,Electrify America,https://www.electrifyamerica.com/,GPS,38.64298,-121.18864,2024/03/07 00:00:00+00,190429,2024/03/07 03:20:16,,,,2021/05/30 00:00:00+00,,,,,CHADEMO J1772COMBO,US,,,,Public,,public,,,,,,,,,,,,,,,,,,,,,,,,,,,,,FALSE,4,1,0,4,0,0,0,0,4
-151647.463080516,60230.9839820284,76,NEVI Compliant,ELEC,"BOA CA3-147 (Davis, CA)",325 E Street,,Davis,CA,95616,,833-632-2778,E,,Public,24 hours daily,,,,,,,4,,Electrify America,https://www.electrifyamerica.com/,GPS,38.54566,-121.74202,2024/03/07 00:00:00+00,190432,2024/03/07 03:21:57,,,,2021/05/30 00:00:00+00,,,,,CHADEMO J1772COMBO,US,,,,Public,,public,,,,,,,,,,,,,,,,,,,,,,,,,,,,,FALSE,4,1,0,4,0,0,0,0,4
-133245.148583687,70582.5676131351,77,NEVI Compliant,ELEC,Market West,3270 Arena Blvd.,,Sacramento,CA,95834,,833-632-2778,E,,Public,24 hours daily,,,,,,,4,,Electrify America,https://www.electrifyamerica.com/,GPS,38.64163,-121.53259,2024/03/07 00:00:00+00,190448,2024/03/07 03:21:04,,,,2021/05/30 00:00:00+00,,,,,CHADEMO J1772COMBO,US,,,,Public,,public,,,,,,,,,,,,,,,,,,,,,,,,,,,,,FALSE,4,1,0,4,0,0,0,0,4
-73161.5074676303,77412.8311292473,78,NEVI Compliant,ELEC,Prospectors Plaza - Tesla Supercharger,3966 Missouri Flat Road,,Placerville,CA,95667,,877-798-3752,E,,Public,24 hours daily,,,,,,,8,,Tesla,https://www.tesla.com/supercharger,GPS,38.709843,-120.842261,2023/07/01 00:00:00+00,190468,2023/07/14 19:41:28,P,,,2021/05/23 00:00:00+00,,,,,J1772COMBO TESLA,US,,,,Public,,public,,,SHOPPING_MALL,,,,,,,,,,,,,,,,,,,,,,,,,,FALSE,8,0,0,8,0,0,0,8,8
-203418.712196272,-1163.6866065599,79,NEVI Compliant,ELEC,"Site Centers Hilltop Plaza (Richmond, CA)",3401 Blume Dr,,Richmond,CA,94806,,833-632-2778,E,,Public,24 hours daily,,,,,,,4,,Electrify America,https://www.electrifyamerica.com/,GPS,37.98352,-122.31927,2024/03/07 00:00:00+00,191559,2024/03/07 03:21:24,,,,2021/06/28 00:00:00+00,,,,,CHADEMO J1772COMBO,US,,,,Public,,public,,,,,,,,,,,,,,,,,,,,,,,,,,,,,FALSE,4,1,0,4,0,0,0,0,4
-110260.312758267,84696.6962237647,80,NEVI Compliant,ELEC,"Westfield Galleria at Roseville (Roseville, CA)",1151 Galleria Blvd,,Roseville,CA,95678,,833-632-2778,E,,Public,24 hours daily,,,,,,,6,,Electrify America,https://www.electrifyamerica.com/,GPS,38.77165,-121.27043,2024/03/07 00:00:00+00,191562,2024/03/07 03:20:34,,,,2021/06/28 00:00:00+00,,,,,CHADEMO J1772COMBO,US,,,,Public,,public,,,,,,,,,,,,,,,,,,,,,,,,,,,,,FALSE,6,1,0,6,0,0,0,0,6
-181791.714927209,-39274.6699619889,81,NEVI Compliant,ELEC,"BOA Mission-Sorenson CA4-160 (Hayward, CA)",26801 Mission Blvd,,Hayward,CA,94544,,833-632-2778,E,,Public,24 hours daily,,,,,,,4,,Electrify America,https://www.electrifyamerica.com/,GPS,37.64528,-122.06332,2024/03/07 00:00:00+00,192570,2024/03/07 03:22:00,,,,2021/07/05 00:00:00+00,,,,,CHADEMO J1772COMBO,US,,,,Public,,public,,,,,,,,,,,,,,,,,,,,,,,,,,,,,FALSE,4,1,0,4,0,0,0,0,4
-5174.24531456906,-22099.5453720717,82,NEVI Compliant,ELEC,Yosemite Westgate Lodge/Buck Meadows Lodge,7649 CA-120,,Groveland,CA,95321,,833-632-2778,E,,Public,24 hours daily,,,,,,,4,,Electrify America,https://www.electrifyamerica.com/,GPS,37.81756,-120.05887,2024/03/07 00:00:00+00,192748,2024/03/07 03:21:59,,,,2021/07/12 00:00:00+00,,,,,CHADEMO J1772COMBO,US,,,,Public,,public,,,,,,,,,,,,,,,,,,,,,,,,,,,,,FALSE,4,1,0,4,0,0,0,0,4
143867.041949106,-428350.592052827,83,NEVI Compliant,ELEC,Ralph's 222 Ventura Blvd,14049 Ventura Blvd,,Sherman Oaks,CA,91423,,833-632-2778,E,,Public,24 hours daily,,,,,,,4,,Electrify America,https://www.electrifyamerica.com/,GPS,34.14994,-118.43972,2024/03/07 00:00:00+00,192796,2024/03/07 03:20:18,,,,2021/07/13 00:00:00+00,,,,,CHADEMO J1772COMBO,US,,,,Public,,public,,,,,,,,,,,,,,,,,,,,,,,,,,,,,FALSE,4,1,0,4,0,0,0,0,4
-69737.7676599804,79276.934977062,84,NEVI Compliant,ELEC,"BOA CA2-144 (Placerville, CA)",3044 Sacramento St,,Placerville,CA,95667,,833-632-2778,E,,Public,24 hours daily,,,,,,,4,,Electrify America,https://www.electrifyamerica.com/,GPS,38.72688,-120.80303,2024/03/07 00:00:00+00,193453,2024/03/07 03:21:59,,,,2021/08/03 00:00:00+00,,,,,CHADEMO J1772COMBO,US,,,,Public,,public,,,,,,,,,,,,,,,,,,,,,,,,,,,,,FALSE,4,1,0,4,0,0,0,0,4
-39536.5773571197,-343717.302893167,85,NEVI Compliant,ELEC,"Target T0309 (Santa Maria, CA)",223 E Betteravia Rd,,Santa Maria,CA,93454,,833-632-2778,E,,Public,24 hours daily,,,,,,,4,,Electrify America,https://www.electrifyamerica.com/,GPS,34.92237,-120.43303,2024/03/07 00:00:00+00,193454,2024/03/07 03:21:40,,,,2021/08/03 00:00:00+00,,,,,CHADEMO J1772COMBO,US,,,,Public,,public,,,,,,,,,,,,,,,,,,,,,,,,,,,,,FALSE,4,1,0,4,0,0,0,0,4
186598.667848519,-436334.23852982,86,NEVI Compliant,ELEC,"Target 1033 (Baldwin Park, CA)",3100 Baldwin Park Blvd,,Baldwin Park,CA,91706,,833-632-2778,E,,Public,24 hours daily,,,,,,,4,,Electrify America,https://www.electrifyamerica.com/,GPS,34.07071,-117.97825,2024/03/07 00:00:00+00,193472,2024/03/07 03:22:33,,,,2021/08/04 00:00:00+00,,,,,J1772COMBO,US,,,,Public,,public,,,,,,,,,,,,,,,,,,,,,,,,,,,,,FALSE,4,0,0,4,0,0,0,0,4
-157655.740252033,191731.919280181,87,NEVI Compliant,ELEC,"BOA Chico Main CA1-101 (Chico, CA)",400 Broadway St,,Chico,CA,95928,,833-632-2778,E,,Public,24 hours daily,,,,,,,4,,Electrify America,https://www.electrifyamerica.com/,GPS,39.72766,-121.84034,2024/03/07 00:00:00+00,193585,2024/03/07 03:21:38,,,,2021/08/07 00:00:00+00,,,,,CHADEMO J1772COMBO,US,,,,Public,,public,,,,,,,,,,,,,,,,,,,,,,,,,,,,,FALSE,4,1,0,4,0,0,0,0,4
148361.865371754,-446366.414514899,88,NEVI Compliant,ELEC,"Westfield Culver City (Culver City, CA)",6000 Sepulveda Blvd,,Culver City,CA,90230,,833-632-2778,E,,Public,24 hours daily,,,,,,,10,,Electrify America,https://www.electrifyamerica.com/,GPS,33.98688,-118.39429,2024/03/07 00:00:00+00,199192,2024/03/07 03:21:17,,,,2021/10/27 00:00:00+00,,,,,CHADEMO J1772COMBO,US,,,,Public,,public,,,,,,,,,,,,,,,,,,,,,,,,,,,,,FALSE,10,1,0,10,0,0,0,0,10
-141142.574491659,126824.507729887,89,NEVI Compliant,ELEC,"Target T0318 (Yuba City, CA)",1153 Butte House Road,,Yuba City,CA,95991,,833-632-2778,E,,Public,24 hours daily,,,,,,,4,,Electrify America,https://www.electrifyamerica.com/,GPS,39.14638,-121.63456,2024/03/07 00:00:00+00,199195,2024/03/07 03:21:55,,,,2021/10/27 00:00:00+00,,,,,CHADEMO J1772COMBO,US,,,,Public,,public,,,,,,,,,,,,,,,,,,,,,,,,,,,,,FALSE,4,1,0,4,0,0,0,0,4
-171949.798746287,-74905.2514614826,90,NEVI Compliant,ELEC,"Westfield Valley Fair (Santa Clara, CA)",2855 Stevens Creek Blvd,,Santa Clara,CA,95050,,833-632-2778,E,,Public,24 hours daily,,,,,,,14,,Electrify America,https://www.electrifyamerica.com/,GPS,37.3267,-121.94336,2024/03/07 00:00:00+00,199196,2024/03/07 03:22:16,,,,2021/10/27 00:00:00+00,,,,,CHADEMO J1772COMBO,US,,,,Public,,public,,,,,,,,,,,,,,,,,,,,,,,,,,,,,FALSE,14,1,0,14,0,0,0,0,14
179563.263923071,-429208.140855627,91,NEVI Compliant,ELEC,"Westfield Santa Anita (Arcadia, CA)",400 South Baldwin Ave,,Arcadia,CA,91007,,833-632-2778,E,,Public,24 hours daily,,,,,,,6,,Electrify America,https://www.electrifyamerica.com/,GPS,34.13626,-118.05287,2024/03/07 00:00:00+00,199198,2024/03/07 03:23:05,,,,2021/10/27 00:00:00+00,,,,,CHADEMO J1772COMBO,US,,,,Public,,public,,,,,,,,,,,,,,,,,,,,,,,,,,,,,FALSE,6,1,0,6,0,0,0,0,6
247275.534863412,-476566.281355705,92,NEVI Compliant,ELEC,"Walmart 2077 (Lake Elsinore, CA)",29260 Central Avenue,,Lake Elsinore,CA,92532,,833-632-2778,E,,Public,24 hours daily,,,,,,,6,,Electrify America,https://www.electrifyamerica.com/,GPS,33.69454,-117.33339,2024/03/07 00:00:00+00,200511,2024/03/07 03:22:58,,,,2021/11/04 00:00:00+00,,,,,CHADEMO J1772COMBO,US,,,,Public,,public,,,,,,,,,,,,,,,,,,,,,,,,,,,,,FALSE,6,1,0,6,0,0,0,0,6
247727.695632462,-533529.872609328,93,NEVI Compliant,ELEC,"Walmart 2494 - Oceanside,CA",2100 Vista Way,,Oceanside,CA,92054,,833-632-2778,E,,Public,24 hours daily,,,,,,,10,,Electrify America,https://www.electrifyamerica.com/,GPS,33.18074,-117.34571,2024/03/07 00:00:00+00,201037,2024/03/07 03:22:43,,,,2021/11/12 00:00:00+00,,,,,CHADEMO J1772COMBO,US,,,,Public,,public,,,,,,,,,,,,,,,,,,,,,,,,,,,,,FALSE,10,1,0,10,0,0,0,0,9
-91824.1689729149,101240.61426077,94,NEVI Compliant,ELEC,"Patel & Chirag Motel 6 (Auburn, CA)",1819 Auburn Ravine Rd,,Auburn,CA,95603,,833-632-2778,E,,Public,24 hours daily,,,,,,,4,,Electrify America,https://www.electrifyamerica.com/,GPS,38.92252,-121.06016,2024/03/07 00:00:00+00,201630,2024/03/07 03:22:00,,,,2021/11/25 00:00:00+00,,,,,CHADEMO J1772COMBO,US,,,,Public,,public,,,,,,,,,,,,,,,,,,,,,,,,,,,,,FALSE,4,1,0,4,0,0,0,0,4
209340.23626211,-482700.147398952,95,NEVI Compliant,ELEC,"Irvine Spectrum (Irvine, CA)",670 Spectrum Center Dr,,Irvine,CA,92618,,833-632-2778,E,,Public,24 hours daily,,,,,,,6,,Electrify America,https://www.electrifyamerica.com/,GPS,33.64812,-117.74389,2024/03/07 00:00:00+00,202161,2024/03/07 03:20:20,,,,2021/12/08 00:00:00+00,,,,,CHADEMO J1772COMBO,US,,,,Public,,public,,,,,,,,,,,,,,,,,,,,,,,,,,,,,FALSE,6,1,0,6,0,0,0,0,6
178503.05960859,-468581.436904972,96,NEVI Compliant,ELEC,"Vestar Shops at Rossmoor (Seal Beach, CA)",12489 Seal Beach Blvd,,Seal Beach,CA,90740,,833-632-2778,E,,Public,24 hours daily,,,,,,,4,,Electrify America,https://www.electrifyamerica.com/,GPS,33.78155,-118.07304,2024/03/07 00:00:00+00,202483,2024/03/07 03:22:30,,,,2021/12/14 00:00:00+00,,,,,CHADEMO J1772COMBO,US,,,,Public,,public,,,,,,,,,,,,,,,,,,,,,,,,,,,,,FALSE,4,1,0,4,0,0,0,0,4
-206347.167347603,-52581.7424458144,97,NEVI Compliant,ELEC,"Musich - Crystal Springs Village SC (San Mateo, CA",100 Deanza Blvd,,San Mateo,CA,94402,,833-632-2778,E,,Public,24 hours daily,,,,,,,4,,Electrify America,https://www.electrifyamerica.com/,GPS,37.52048,-122.33819,2024/03/07 00:00:00+00,204472,2024/03/07 03:21:50,,,,2022/01/07 00:00:00+00,,,,,CHADEMO J1772COMBO,US,,,,Public,,public,,,,,,,,,,,,,,,,,,,,,,,,,,,,,FALSE,4,1,0,4,0,0,0,0,4
170618.899396181,-428237.732645083,98,NEVI Compliant,ELEC,"Shopcore One Colorado (Pasadena, CA)",30 Union St,,Pasadena,CA,91103,,833-632-2778,E,,Public,24 hours daily,,,,,,,4,,Electrify America,https://www.electrifyamerica.com/,GPS,34.14662,-118.14963,2024/03/07 00:00:00+00,205088,2024/03/07 03:22:19,,,,2022/01/20 00:00:00+00,,,,,CHADEMO J1772COMBO,US,,,,Public,,public,,,,,,,,,,,,,,,,,,,,,,,,,,,,,FALSE,4,1,0,4,0,0,0,0,4
-169510.220440683,-64258.8773994865,99,NEVI Compliant,ELEC,"Topline Milpitas Square (Milpitas, CA)",320 Barber Ct,,Milpitas,CA,95035,,833-632-2778,E,,Public,24 hours daily,,,,,,,4,,Electrify America,https://www.electrifyamerica.com/,GPS,37.4229,-121.91823,2024/03/07 00:00:00+00,205277,2024/03/07 03:22:00,,,,2022/01/25 00:00:00+00,,,,,CHADEMO J1772COMBO,US,,,,Public,,public,,,,,,,,,,,,,,,,,,,,,,,,,,,,,FALSE,4,1,0,4,0,0,0,0,4
11666.5918267613,-398573.055225179,100,NEVI Compliant,ELEC,"Camino Real Marketplace (Goleta, CA)",7004 Market Place Drive,,Goleta,CA,93117,,833-632-2778,E,,Public,24 hours daily,,,,,,,6,,Electrify America,https://www.electrifyamerica.com/,GPS,34.42891,-119.87304,2024/03/07 00:00:00+00,205337,2024/03/07 03:22:28,,,,2022/01/26 00:00:00+00,,,,,CHADEMO J1772COMBO,US,,,,Public,,public,,,,,,,,,,,,,,,,,,,,,,,,,,,,,FALSE,6,1,0,6,0,0,0,0,6
-158047.711940782,-120853.429637445,101,NEVI Compliant,ELEC,"Food Maxx 486 (Watsonville, CA)",1465 MAIN ST,,Watsonville,CA,95076,,833-632-2778,E,,Public,24 hours daily,,,,,,,4,,Electrify America,https://www.electrifyamerica.com/,GPS,36.91587,-121.77655,2024/03/07 00:00:00+00,205469,2024/03/07 03:21:36,,,,2022/01/28 00:00:00+00,,,,,CHADEMO J1772COMBO,US,,,,Public,,public,,,,,,,,,,,,,,,,,,,,,,,,,,,,,FALSE,4,1,0,4,0,0,0,0,4
-204438.563396631,-6887.73066781182,102,NEVI Compliant,ELEC,"Target T1507 (Richmond, CA)",4500 Macdonald Ave,,Richmond,CA,94805,,833-632-2778,E,,Public,24 hours daily,,,,,,,4,,Electrify America,https://www.electrifyamerica.com/,GPS,37.93182,-122.32929,2024/03/07 00:00:00+00,207959,2024/03/07 03:21:22,,,,2022/03/11 00:00:00+00,,,,,CHADEMO J1772COMBO,US,,,,Public,,public,,,,,,,,,,,,,,,,,,,,,,,,,,,,,FALSE,4,1,0,4,0,0,0,0,4
197090.276062225,-486363.499736741,103,NEVI Compliant,ELEC,"Fashion Island (Newport Beach, CA)",401 Newport Center Dr.,,Newport Beach,CA,92660,,833-632-2778,E,,Public,24 hours daily,,,,,,,8,,Electrify America,https://www.electrifyamerica.com/,GPS,33.61764,-117.87675,2024/03/07 00:00:00+00,212051,2024/03/07 03:21:03,,,,2022/03/19 00:00:00+00,,,,,J1772COMBO,US,,,,Public,,public,,,,,,,,,,,,,,,,,,,,,,,,,,,,,FALSE,8,0,0,8,0,0,0,0,8
-182279.650883152,-66796.4806798408,104,NEVI Compliant,ELEC,East Middlefield Road,199 E Middlefield Rd,,Mountain View,CA,94043,,877-455-3833,E,,Public,24 hours daily,,,,,,,8,,eVgo Network,https://www.evgo.com/,GPS,37.3976662,-122.0620634,2024/03/06 00:00:00+00,213107,2024/03/07 00:00:04,,,,2022/03/31 00:00:00+00,,,,,CHADEMO J1772COMBO,US,,,,Public,,public,,,,,,,,,,,,,,,,,,,,,,,,,,,,,FALSE,8,8,0,8,0,0,0,0,6
69071.087491646,-416018.474259079,105,NEVI Compliant,ELEC,"Macerich Pacific View Mall (Ventura, CA)",3301 E Main St,,Ventura,CA,93003,,833-632-2778,E,,Public,24 hours daily,,,,,,,6,,Electrify America,https://www.electrifyamerica.com/,GPS,34.2693,-119.2498,2024/03/07 00:00:00+00,213911,2024/03/07 03:22:33,,,,2022/04/13 00:00:00+00,,,,,CHADEMO J1772COMBO,US,,,,Public,,public,,,,,,,,,,,,,,,,,,,,,,,,,,,,,FALSE,6,1,0,6,0,0,0,0,6
-168881.024904005,-33339.1386209382,106,NEVI Compliant,ELEC,"Johnson Hotel-Doubletree (Pleasanton, CA)",7050 Johnson Dr,,Pleasanton,CA,94588,,833-632-2778,E,,Public,24 hours daily,,,,,,,4,,Electrify America,https://www.electrifyamerica.com/,GPS,37.7011,-121.91819,2024/03/07 00:00:00+00,214360,2024/03/07 03:21:58,,,,2022/04/21 00:00:00+00,,,,,CHADEMO J1772COMBO,US,,,,Public,,public,,,,,,,,,,,,,,,,,,,,,,,,,,,,,FALSE,4,1,0,4,0,0,0,0,4
176125.576329039,-472702.232061466,107,NEVI Compliant,ELEC,"Regency Seal Beach Center (Seal Beach, CA)",901-1101 Pacific Coast Hwy,,Seal Beach,CA,90740,,833-632-2778,E,,Public,24 hours daily,,,,,,,4,,Electrify America,https://www.electrifyamerica.com/,GPS,33.74483,-118.09959,2024/03/07 00:00:00+00,215000,2024/03/07 03:22:32,,,,2022/04/26 00:00:00+00,,,,,CHADEMO J1772COMBO,US,,,,Public,,public,,,,,,,,,,,,,,,,,,,,,,,,,,,,,FALSE,4,1,0,4,0,0,0,0,4
-53976.9549930049,-74742.0090484442,108,NEVI Compliant,ELEC,"Target T2386 (Atwater, CA)",1000 Commerce Ave,,AtWater,CA,95301,,833-632-2778,E,,Public,24 hours daily,,,,,,,4,,Electrify America,https://www.electrifyamerica.com/,GPS,37.34246,-120.61014,2024/03/07 00:00:00+00,217457,2024/03/07 03:21:35,,,,2022/05/13 00:00:00+00,,,,,CHADEMO J1772COMBO,US,,,,Public,,public,,,,,,,,,,,,,,,,,,,,,,,,,,,,,FALSE,4,1,0,4,0,0,0,0,4
440237.962287834,-344311.270808674,109,NEVI Compliant,ELEC,"Najah Hi Sahara Oasis (Essex Fenner, CA)",31251 Goffs Rd,,Essex Fenner,CA,92332,,833-632-2778,E,,Public,24 hours daily,,,,,,,4,,Electrify America,https://www.electrifyamerica.com/,GPS,34.81707,-115.18283,2024/03/07 00:00:00+00,218174,2024/03/07 03:21:10,,,,2022/05/14 00:00:00+00,,,,,CHADEMO J1772COMBO,US,,,,Public,,public,,,,,,,,,,,,,,,,,,,,,,,,,,,,,FALSE,4,1,0,4,0,0,0,0,4
-25295.9196316335,-363534.631698547,110,NEVI Compliant,ELEC,"Daniel & Ana Thompson, The Depot Mall",515 Bell St,,Los Alamos,CA,93440,,833-632-2778,E,,Public,24 hours daily,,,,,,,4,,Electrify America,https://www.electrifyamerica.com/,GPS,34.74434,-120.27643,2024/03/07 00:00:00+00,218532,2024/03/07 03:21:36,,,,2022/05/19 00:00:00+00,,,,,CHADEMO J1772COMBO,US,,,,Public,,public,,,,,,,,,,,,,,,,,,,,,,,,,,,,,FALSE,4,1,0,4,0,0,0,0,4
108222.153055554,-428601.618916616,111,NEVI Compliant,ELEC,"Regency Westlake Plaza (Westlake Village, CA)",2725-2785 Agoura Rd,,Westlake Village,CA,91361,,833-632-2778,E,,Public,24 hours daily,,,,,,,4,,Electrify America,https://www.electrifyamerica.com/,GPS,34.15231,-118.82629,2024/03/07 00:00:00+00,218991,2024/03/07 03:22:22,,,,2022/05/21 00:00:00+00,,,,,CHADEMO J1772COMBO,US,,,,Public,,public,,,,,,,,,,,,,,,,,,,,,,,,,,,,,FALSE,4,1,0,4,0,0,0,0,4
23327.5261471389,-397216.843105443,112,NEVI Compliant,ELEC,"BOA North Santa Barbara CA6-121 (Santa Barbara, CA",3790 State St,,Santa Barbara,CA,93105,,833-632-2778,E,,Public,24 hours daily,,,,,,,4,,Electrify America,https://www.electrifyamerica.com/,GPS,34.44092,-119.74609,2024/03/07 00:00:00+00,219790,2024/03/07 03:22:51,,,,2022/05/25 00:00:00+00,,,,,CHADEMO J1772COMBO,US,,,,Public,,public,,,,,,,,,,,,,,,,,,,,,,,,,,,,,FALSE,4,1,0,4,0,0,0,0,4
-178218.524053925,-65863.8197050272,113,NEVI Compliant,ELEC,"Cilker 11 Moffett Park LP (Sunnyvale, CA)",335 Moffett Park Dr,,Sunnyvale,CA,94089,,833-632-2778,E,,Public,24 hours daily,,,,,,,4,,Electrify America,https://www.electrifyamerica.com/,GPS,37.40684,-122.01636,2024/03/07 00:00:00+00,222887,2024/03/07 03:21:40,,,,2022/07/08 00:00:00+00,,,,,CHADEMO J1772COMBO,US,,,,Public,,public,,,,,,,,,,,,,,,,,,,,,,,,,,,,,FALSE,4,1,0,4,0,0,0,0,4
255525.960813802,-487249.619076725,114,NEVI Compliant,ELEC,"Inventrust Bear Creek Village Center (Wildomar, CA",Clinton Keith Rd & I-15,,Wildomar,CA,92595,,833-632-2778,E,,Public,24 hours daily,,,,,,,4,,Electrify America,https://www.electrifyamerica.com/,GPS,33.5961,-117.24781,2024/03/07 00:00:00+00,223563,2024/03/07 03:22:30,,,,2022/07/16 00:00:00+00,,,,,CHADEMO J1772COMBO,US,,,,Public,,public,,,,,,,,,,,,,,,,,,,,,,,,,,,,,FALSE,4,1,0,4,0,0,0,0,4
253420.366284801,-533013.879463008,115,NEVI Compliant,ELEC,"Pacifica Hacienda Center (Vista, CA)",2010 Hacienda Dr,,Vista,CA,92081,,833-632-2778,E,,Public,24 hours daily,,,,,,,4,,Electrify America,https://www.electrifyamerica.com/,GPS,33.18394,-117.28459,2024/03/07 00:00:00+00,223792,2024/03/07 03:22:30,,,,2022/07/20 00:00:00+00,,,,,CHADEMO J1772COMBO,US,,,,Public,,public,,,,,,,,,,,,,,,,,,,,,,,,,,,,,FALSE,4,1,0,4,0,0,0,0,4
131137.795862263,-402599.069269458,116,NEVI Compliant,ELEC,"Inventrust Stevenson Ranch Plaza (Stevenson Ranch,",24909 Pico Canyon Rd,,Stevenson Ranch,CA,91381,,833-632-2778,E,,Public,24 hours daily,,,,,,,4,,Electrify America,https://www.electrifyamerica.com/,GPS,34.38381,-118.57355,2024/03/07 00:00:00+00,224413,2024/03/07 03:22:25,,,,2022/07/26 00:00:00+00,,,,,CHADEMO J1772COMBO,US,,,,Public,,public,,,,,,,,,,,,,,,,,,,,,,,,,,,,,FALSE,4,1,0,4,0,0,0,0,4
276603.816789481,-601591.226742325,117,NEVI Compliant,ELEC,Best Western - San Ysidro,815 W. San Ysidro Blvd,,San Ysidro,CA,92173,,833-387-2643,E,,Public,,A CREDIT D Debit M V,,,,,,4,,EVRANGE,https://www.evrange.com,GPS,32.558846,-117.059117,2024/03/07 00:00:00+00,224434,2024/03/07 03:36:05,,,,2023/09/14 00:00:00+00,,,,,CHADEMO J1772COMBO,US,,,,Public,,public,,,PUBLIC,,,,,,,,,,,,,,,,,FALSE,,,,,,,,LD,FALSE,4,4,0,4,0,0,0,0,4
-118286.821995537,-177057.734130627,118,NEVI Compliant,ELEC,Soledad Mission Shopping Center,3070 H Dela Rosa Sr St,,Soledad,CA,93960,,833-387-2643,E,,Public,,A CREDIT D Debit M V,,,,,,4,,EVRANGE,https://www.evrange.com,GPS,36.416081,-121.320884,2024/03/07 00:00:00+00,224435,2024/03/07 03:36:07,,,,2022/06/07 00:00:00+00,,,,,CHADEMO J1772COMBO,US,,,,Public,,public,,,PUBLIC,,,,,,,,,,,,,,,,,FALSE,,,,,,,,LD,FALSE,4,4,0,4,0,0,0,0,4
148494.864402253,-459792.132161278,119,NEVI Compliant,ELEC,"Regency Plaza Hermosa (Hermosa Beach, CA)",1400 Ardmore Ave,,Hermosa Beach,CA,90254,,833-632-2778,E,,Public,24 hours daily,,,,,,,6,,Electrify America,https://www.electrifyamerica.com/,GPS,33.86583,-118.39531,2024/03/07 00:00:00+00,225619,2024/03/07 03:22:37,,,,2022/08/17 00:00:00+00,,,,,CHADEMO J1772COMBO,US,,,,Public,,public,,,,,,,,,,,,,,,,,,,,,,,,,,,,,FALSE,6,1,0,6,0,0,0,0,6
75691.7566149455,-418850.677370565,120,NEVI Compliant,ELEC,"Target T2760 (Oxnard, CA)",2850 N oxnard Blvd,,Oxnard,CA,93036,,833-632-2778,E,,Public,24 hours daily,,,,,,,6,,Electrify America,https://www.electrifyamerica.com/,GPS,34.24328,-119.17816,2024/03/07 00:00:00+00,226647,2024/03/07 03:22:32,,,,2022/08/27 00:00:00+00,,,,,CHADEMO J1772COMBO,US,,,,Public,,public,,,,,,,,,,,,,,,,,,,,,,,,,,,,,FALSE,6,2,0,6,0,0,0,0,5
144249.775937885,-439430.367927184,121,NEVI Compliant,ELEC,Chevron #91965,10867 Santa Monica Blvd,,Los Angeles,CA,90025,,877-455-3833,E,,Public,24 hours daily,,,,,,,4,,eVgo Network,https://www.evgo.com/,GPS,34.05002,-118.43755,2024/03/06 00:00:00+00,228040,2024/03/06 23:56:34,,,,2019/11/27 00:00:00+00,,,,,CHADEMO J1772COMBO,US,,,,Public,,public,,,,,,,,,,,,,,,,,,,,,,,,,,,,,FALSE,4,4,0,4,0,0,0,0,4
332919.859123555,-469051.866660954,122,NEVI Compliant,ELEC,Rancho Las Palmas Shopping Center,42370 Bob Hope Dr,,Rancho Mirage,CA,92270,,877-455-3833,E,,Public,24 hours daily,,,,,,,10,,eVgo Network,https://www.evgo.com/,GPS,33.73678,-116.407501,2024/03/06 00:00:00+00,228041,2024/03/06 23:56:34,,,,2018/03/07 00:00:00+00,,,,,CHADEMO J1772COMBO,US,,,,Public,,public,,,,,,,,,,,,,,,,,,,,,,,,,,,,,FALSE,10,10,0,10,0,0,0,0,6
-200253.37250446,-48417.5130291292,123,NEVI Compliant,ELEC,Foster City - High Power Charging Plaza,1030 E Hillsdale Blvd,,Foster City,CA,94404,,877-455-3833,E,,Public,24 hours daily,,,,,,,4,,eVgo Network,https://www.evgo.com/,GPS,37.559261,-122.270296,2024/03/06 00:00:00+00,228163,2024/03/06 23:56:54,,,,2019/10/03 00:00:00+00,,,,,CHADEMO J1772COMBO,US,,,,Public,,public,,,,,,,,,,,,,,,,,,,,,,,,,,,,,FALSE,4,4,0,4,0,0,0,0,4
-170541.766101604,-68433.4383144053,124,NEVI Compliant,ELEC,Homewood Suites San Jose Airport Silicon Valley,10 W Trimble Rd,,San Jose,CA,95131,,877-455-3833,E,,Public,24 hours daily,,,,,,,6,,eVgo Network,https://www.evgo.com/,GPS,37.385166,-121.928939,2024/03/06 00:00:00+00,228189,2024/03/06 23:57:04,,,,2015/04/28 00:00:00+00,,,,,CHADEMO J1772COMBO,US,,,,Public,,public,,,,,,,,,,,,,,,,,,,,,,,,,,,,,FALSE,6,6,0,6,0,0,0,0,4
145427.190727237,-417705.760674832,125,NEVI Compliant,ELEC,Pacoima Center,9727 Laurel Canyon Blvd,,Arleta,CA,91331,,877-455-3833,E,,Public,24 hours daily,,,,,,,6,,eVgo Network,https://www.evgo.com/,GPS,34.24564,-118.42088,2024/03/06 00:00:00+00,228196,2024/03/06 23:57:07,,,,2019/06/08 00:00:00+00,,,,,CHADEMO J1772COMBO,US,,,,Public,,public,,,,,,,,,,,,,,,,,,,,,,,,,,,,,FALSE,6,2,0,6,0,0,0,0,4
-238110.753292903,52550.2738845181,126,NEVI Compliant,ELEC,Whole Foods Coddingtown,733 Coddingtown Ctr,,Santa Rosa,CA,95401,,877-455-3833,E,,Public,24 hours daily,,,,,,,6,,eVgo Network,https://www.evgo.com/,GPS,38.45823,-122.73225,2024/03/06 00:00:00+00,228261,2024/03/06 23:57:20,,,,2018/03/07 00:00:00+00,,,,,CHADEMO J1772COMBO,US,,,,Public,,public,,,,,,,,,,,,,,,,,,,,,,,,,,,,,FALSE,6,6,0,6,0,0,0,0,4
-168512.828567295,-74361.2695597289,127,NEVI Compliant,ELEC,Whole Foods Market,777 The Alameda,,San Jose,CA,95126,,877-455-3833,E,,Public,24 hours daily,,,,,,,4,,eVgo Network,https://www.evgo.com/,GPS,37.33222,-121.90465,2024/03/06 00:00:00+00,228284,2024/03/06 23:57:25,,,,2019/10/03 00:00:00+00,,,,,CHADEMO J1772COMBO,US,,,,Public,,public,,,,,,,,,,,,,,,,,,,,,,,,,,,,,FALSE,4,4,0,4,0,0,0,0,4
138990.411852141,-443107.723324491,128,NEVI Compliant,ELEC,Lot 27,1334 5th Street,,Santa Monica,CA,90401,,877-455-3833,E,,Public,24 hours daily,,,,,,,12,,eVgo Network,https://www.evgo.com/,GPS,34.01764,-118.49514,2024/03/06 00:00:00+00,228339,2024/03/06 23:57:40,,,,2022/07/08 00:00:00+00,,,,,CHADEMO J1772COMBO,US,,,,Public,,public,,,,,,,,,,,,,,,,,,,,,,,,,,,,,FALSE,12,8,0,12,0,0,0,0,8
-205361.044340073,-51197.6265504137,129,NEVI Compliant,ELEC,Laurelwood Shopping Center,1206 W Hillsdale Blvd,,San Mateo,CA,94403,,877-455-3833,E,,Public,24 hours daily,,,,,,,4,,eVgo Network,https://www.evgo.com/,GPS,37.5331455,-122.3274054,2024/03/06 00:00:00+00,228394,2024/03/06 23:57:58,,,,2020/12/16 00:00:00+00,,,,,CHADEMO J1772COMBO,US,,,,Public,,public,,,,,,,,,,,,,,,,,,,,,,,,,,,,,FALSE,4,4,0,4,0,0,0,0,4
200245.52292022,-470633.573647112,130,NEVI Compliant,ELEC,Centre on Seventeenth,2000 E 17th St,,Santa Ana,CA,92705,,877-455-3833,E,,Public,24 hours daily,,,,,,,8,,eVgo Network,https://www.evgo.com/,GPS,33.758822,-117.838908,2024/03/06 00:00:00+00,228422,2024/03/06 23:58:07,,,,2022/06/29 00:00:00+00,,,,,CHADEMO J1772COMBO,US,,,,Public,,public,,,,,,,,,,,,,,,,,,,,,,,,,,,,,FALSE,8,8,0,8,0,0,0,0,6
-161602.367100696,-148558.987913903,131,NEVI Compliant,ELEC,The Dunes on Monterey Bay,110 General Stillwell Dr,,Marina,CA,93933,,877-455-3833,E,,Public,24 hours daily,,,,,,,8,,eVgo Network,https://www.evgo.com/,GPS,36.66604,-121.81055,2024/03/06 00:00:00+00,228467,2024/03/06 23:58:33,,,,2018/03/07 00:00:00+00,,,,,J1772COMBO,US,,,,Public,,public,,,,,,,,,,,,,,,,,,,,,,,,,,,,,FALSE,8,0,0,8,0,0,0,0,8
-216032.264535767,-38393.0936641544,132,NEVI Compliant,ELEC,Safeway South San Francisco #3116,2255 Gellert Blvd,,South San Francisco,CA,94080,,877-455-3833,E,,Public,24 hours daily,,,,,,,6,,eVgo Network,https://www.evgo.com/,GPS,37.645874,-122.452044,2024/03/06 00:00:00+00,228530,2024/03/06 23:58:51,,,,2022/09/21 00:00:00+00,,,,,CHADEMO J1772COMBO,US,,,,Public,,public,,,,,,,,,,,,,,,,,,,,,,,,,,,,,FALSE,6,2,0,6,0,0,0,0,4
-208398.288266669,-45178.8183976961,133,NEVI Compliant,ELEC,Chula Vista Lot HPCP,1133 Chula Vista,,Burlingame,CA,94010,,877-455-3833,E,,Public,24 hours daily,,,,,,,6,,eVgo Network,https://www.evgo.com/,GPS,37.586596,-122.363513,2024/03/06 00:00:00+00,228646,2024/03/06 23:59:31,,,,2019/10/03 00:00:00+00,,,,,CHADEMO J1772COMBO,US,,,,Public,,public,,,,,,,,,,,,,,,,,,,,,,,,,,,,,FALSE,6,6,0,6,0,0,0,0,6
200967.015645589,-480350.117792239,134,NEVI Compliant,ELEC,Irvine Lanes,3415 Michelson Dr,,Irvine,CA,92612,,877-455-3833,E,,Public,24 hours daily,,,,,,,6,,eVgo Network,https://www.evgo.com/,GPS,33.67107,-117.83352,2024/03/06 00:00:00+00,228670,2024/03/06 23:59:51,,,,2021/06/14 00:00:00+00,,,,,CHADEMO J1772COMBO,US,,,,Public,,public,,,,,,,,,,,,,,,,,,,,,,,,,,,,,FALSE,6,6,0,6,0,0,0,0,4
199770.31127777,-446552.236448232,135,NEVI Compliant,ELEC,Diamond Hills Plaza,2825 S Diamond Bar Blvd,,Diamond Bar,CA,91765,,877-455-3833,E,,Public,24 hours daily,,,,,,,6,,eVgo Network,https://www.evgo.com/,GPS,33.9759966,-117.8381096,2024/03/06 00:00:00+00,228675,2024/03/06 23:59:52,,,,2022/06/18 00:00:00+00,,,,,CHADEMO J1772COMBO,US,,,,Public,,public,,,,,,,,,,,,,,,,,,,,,,,,,,,,,FALSE,6,2,0,6,0,0,0,0,4
-152140.770131006,-4586.620679955,136,NEVI Compliant,ELEC,Empire Shopping Center,5887 Lone Tree Way,,Antioch,CA,94531,,877-455-3833,E,,Public,24 hours daily,,,,,,,10,,eVgo Network,https://www.evgo.com/,GPS,37.9625955,-121.7340686,2024/03/06 00:00:00+00,228681,2024/03/06 23:59:58,,,,2022/09/21 00:00:00+00,,,,,CHADEMO J1772COMBO,US,,,,Public,,public,,,,,,,,,,,,,,,,,,,,,,,,,,,,,FALSE,10,2,0,10,0,0,0,0,8
-200203.434752402,-21851.6601011567,137,NEVI Compliant,ELEC,Jack London Square,409 Washington St.,,Oakland,CA,94607,,877-455-3833,E,,Public,24 hours daily,,,,,,,8,,eVgo Network,https://www.evgo.com/,GPS,37.7981773,-122.2769619,2024/03/06 00:00:00+00,228693,2024/03/07 00:00:02,,,,2022/06/17 00:00:00+00,,,,,CHADEMO J1772COMBO,US,,,,Public,,public,,,,,,,,,,,,,,,,,,,,,,,,,,,,,FALSE,8,8,0,8,0,0,0,0,6
262710.941018384,-580125.555418223,138,NEVI Compliant,ELEC,Caltrans District 11 Headquarters,"4050 Taylor St, Stop 250",,San Diego,CA,92110,,877-455-3833,E,,Public,24 hours daily,,,,,,,6,,eVgo Network,https://www.evgo.com/,GPS,32.756409,-117.200002,2024/03/06 00:00:00+00,228707,2024/03/07 00:00:12,,,,2020/05/23 00:00:00+00,,,,,CHADEMO J1772COMBO,US,,,,Public,,public,,,,,,,,,,,,,,,,,,,,,,,,,,,,,FALSE,6,6,0,6,0,0,0,0,6
186079.874709234,-428937.967600528,139,NEVI Compliant,ELEC,Mountain Vista Plaza,1425 Bradbury Ave,,Duarte,CA,91010,,877-455-3833,E,,Public,24 hours daily,,,,,,,8,,eVgo Network,https://www.evgo.com/,GPS,34.1374666,-117.982164,2024/03/06 00:00:00+00,228714,2024/03/07 00:00:17,,,,2022/09/21 00:00:00+00,,,,,CHADEMO J1772COMBO,US,,,,Public,,public,,,,,,,,,,,,,,,,,,,,,,,,,,,,,FALSE,8,8,0,8,0,0,0,0,6
139402.164369324,-443533.393318718,140,NEVI Compliant,ELEC,Lot 29,1636 5th St.,,Santa Monica,CA,90401,,877-455-3833,E,,Public,24 hours daily,,,,,,,8,,eVgo Network,https://www.evgo.com/,GPS,34.013744,-118.490756,2024/03/07 00:00:00+00,228797,2024/03/07 00:01:05,,,,2021/07/23 00:00:00+00,,,,,CHADEMO J1772COMBO,US,,,,Public,,public,,,,,,,,,,,,,,,,,,,,,,,,,,,,,FALSE,8,8,0,8,0,0,0,0,6
356918.887726737,-298204.084411753,141,NEVI Compliant,ELEC,The World's Tallest Thermometer,72157 Baker Blvd,,Baker,CA,92309,,877-455-3833,E,,Public,24 hours daily,,,,,,,6,,eVgo Network,https://www.evgo.com/,GPS,35.26648,-116.07248,2024/03/07 00:00:00+00,228803,2024/03/07 00:01:06,,,,2018/12/13 00:00:00+00,,,,,CHADEMO J1772COMBO,US,,,,Public,,public,,,,,,,,,,,,,,,,,,,,,,,,,,,,,FALSE,6,6,0,6,0,0,0,0,4
-127937.318327142,62397.4329025364,142,NEVI Compliant,ELEC,Sacramento Regional Transit 29th Street Yard,1400 29th Street,,Sacramento,CA,95816,,833-632-2778,E,,Public,24 hours daily,,,,,,,5,,Electrify America,https://www.electrifyamerica.com/,GPS,38.56876,-121.47009,2024/03/07 00:00:00+00,229449,2024/03/07 03:22:05,,,,2022/09/28 00:00:00+00,,,,,J1772COMBO,US,,,,Public,,public,,,,,,,,,,,,,,,,,,,,,,,,,,,,,FALSE,5,0,0,5,0,0,0,0,5
-348805.075265697,425169.359838151,143,NEVI Compliant,ELEC,"Walmart 1910 - Crescent City, CA",900 East Washington Blvd,,Crescent City,CA,95531,,833-632-2778,E,,Public,24 hours daily,,,,,,,5,,Electrify America,https://www.electrifyamerica.com/,GPS,41.77481,-124.18994,2024/03/07 00:00:00+00,229453,2024/03/07 03:20:05,,,,2022/09/28 00:00:00+00,,,,,CHADEMO J1772COMBO,US,,,,Public,,public,,,,,,,,,,,,,,,,,,,,,,,,,,,,,FALSE,5,1,0,5,0,0,0,0,5
-179927.650622219,-113899.990476873,144,NEVI Compliant,ELEC,FFF Santa Cruz - Riverwalk Plaza,700 Front St,,Santa Cruz,CA,95060,,833-632-2778,E,,Public,24 hours daily,,,,,,,6,,Electrify America,https://www.electrifyamerica.com/,GPS,36.97447,-122.02409,2024/03/07 00:00:00+00,229467,2024/03/07 03:21:55,,,,2022/09/28 00:00:00+00,,,,,CHADEMO J1772COMBO,US,,,,Public,,public,,,,,,,,,,,,,,,,,,,,,,,,,,,,,FALSE,6,1,0,6,0,0,0,0,6
-114109.637552763,77766.9313426726,145,NEVI Compliant,ELEC,Raley's Citrus Heights #239,7847 Lichen Dr,,Citrus Heights,CA,95621,,877-455-3833,E,,Public,24 hours daily,,,,,,,6,,eVgo Network,https://www.evgo.com/,GPS,38.70884,-121.31367,2024/03/06 00:00:00+00,230757,2024/03/06 23:59:17,,,,2022/09/30 00:00:00+00,,,,,CHADEMO J1772COMBO,US,,,,Public,,public,,,,,,,,,,,,,,,,,,,,,,,,,,,,,FALSE,6,6,0,6,0,0,0,0,4
270656.854929032,-579093.479449647,146,NEVI Compliant,ELEC,Vons San Diego #2358,3610 Adams Ave,,San Diego,CA,92116,,877-455-3833,E,,Public,24 hours daily,,,,,,,6,,eVgo Network,https://www.evgo.com/,GPS,32.7635732,-117.1150302,2024/03/06 00:00:00+00,231119,2024/03/07 00:00:24,,,,2022/10/01 00:00:00+00,,,,,CHADEMO J1772COMBO,US,,,,Public,,public,,,,,,,,,,,,,,,,,,,,,,,,,,,,,FALSE,6,6,0,6,0,0,0,0,4
-63264.2544565363,-277950.99498054,147,NEVI Compliant,ELEC,"Read Investments Mission Oaks SC (Atascadero, CA)",2050-2300 El Camino Real,,Atascadero,CA,93422,,833-632-2778,E,,Public,24 hours daily,,,,,,,4,,Electrify America,https://www.electrifyamerica.com/,GPS,35.51331,-120.6982,2024/03/07 00:00:00+00,231121,2024/03/07 03:21:32,,,,2022/10/01 00:00:00+00,,,,,CHADEMO J1772COMBO,US,,,,Public,,public,,,,,,,,,,,,,,,,,,,,,,,,,,,,,FALSE,4,1,0,4,0,0,0,0,4
-167336.017418229,-63165.1613390464,148,NEVI Compliant,ELEC,"BOA CA3-107 (Milpitas, CA)",740 E Calaveras Blvd,,Milpitas,CA,95035,,833-632-2778,E,,Public,24 hours daily,,,,,,,4,,Electrify America,https://www.electrifyamerica.com/,GPS,37.43313,-121.89388,2024/03/07 00:00:00+00,233172,2024/03/07 03:21:47,,,,2022/10/08 00:00:00+00,,,,,CHADEMO J1772COMBO,US,,,,Public,,public,,,,,,,,,,,,,,,,,,,,,,,,,,,,,FALSE,4,1,0,4,0,0,0,0,4
272421.428478922,-555309.573256856,149,NEVI Compliant,ELEC,"Vestar Penasquitos Village (San Diego, CA)",14391 Penasquitos Dr,,San Diego,CA,92129,,833-632-2778,E,,Public,24 hours daily,,,,,,,8,,Electrify America,https://www.electrifyamerica.com/,GPS,32.97771,-117.08845,2024/03/07 00:00:00+00,234559,2024/03/07 03:22:45,,,,2022/10/18 00:00:00+00,,,,,CHADEMO J1772COMBO,US,,,,Public,,public,,,,,,,,,,,,,,,,,,,,,,,,,,,,,FALSE,8,1,0,8,0,0,0,0,7
3591.64534736272,-225318.118848335,150,NEVI Compliant,ELEC,Curry Parkway Chalios Mexican Restaurant,33225 Hubert Way,,Kettleman City,CA,93239,,833-632-2778,E,,Public,24 hours daily,,,,,,,10,,Electrify America,https://www.electrifyamerica.com/,GPS,35.98918,-119.96013,2024/03/07 00:00:00+00,236322,2024/03/07 03:22:04,,,,2022/11/18 00:00:00+00,,,,,CHADEMO J1772COMBO,US,,,,Public,,public,,,,,,,,,,,,,,,,,,,,,,,,,,,,,FALSE,10,1,0,10,0,0,0,0,10
218384.938486481,-503443.053048564,151,NEVI Compliant,ELEC,Ocean View Plaza,638 Camino de los Mares,,San Clemente,CA,92673,,877-455-3833,E,,Public,24 hours daily,,,,,,,6,,eVgo Network,https://www.evgo.com/,GPS,33.459093,-117.651987,2024/03/06 00:00:00+00,236899,2024/03/06 23:59:38,,,,2022/12/01 00:00:00+00,,,,,CHADEMO J1772COMBO,US,,,,Public,,public,,,,,,,,,,,,,,,,,,,,,,,,,,,,,FALSE,6,2,0,6,0,0,0,0,4
97540.5717409137,-424613.202998415,152,NEVI Compliant,ELEC,Conejo Gateway Plaza,737 N Wendy Dr,,Thousand Oaks,CA,91320,,877-455-3833,E,,Public,24 hours daily,,,,,,,8,,eVgo Network,https://www.evgo.com/,GPS,34.189391,-118.941644,2024/03/06 00:00:00+00,252129,2024/03/07 00:00:29,,,,2023/01/26 00:00:00+00,,,,,CHADEMO J1772COMBO,US,,,,Public,,public,,,,,,,,,,,,,,,,,,,,,,,,,,,,,FALSE,8,8,0,8,0,0,0,0,6
245882.537857956,-386358.073398612,153,NEVI Compliant,ELEC,Green Tree Inn,14173 Green Tree Blvd,,Victorville,CA,92395,,877-455-3833,E,,Public,24 hours daily,,,,,,,6,,eVgo Network,https://www.evgo.com/,GPS,34.507742,-117.320922,2024/03/06 00:00:00+00,253745,2024/03/06 23:56:28,,,,2023/02/09 00:00:00+00,,,,,CHADEMO J1772COMBO,US,,,,Public,,public,,,,,,,,,,,,,,,,,,,,,,,,,,,,,FALSE,6,2,0,6,0,0,0,0,4
261218.791463019,-580744.423436951,154,NEVI Compliant,ELEC,"Regency Point Loma Plaza (San Diego, CA)",3645 Midway Dr,,San Diego,CA,92110,,833-632-2778,E,,Public,24 hours daily,,,,,,,4,,Electrify America,https://www.electrifyamerica.com/,GPS,32.75122,-117.21609,2024/03/07 00:00:00+00,255543,2024/03/07 03:22:27,,,,2023/03/03 00:00:00+00,,,,,CHADEMO J1772COMBO,US,,,,Public,,public,,,,,,,,,,,,,,,,,,,,,,,,,,,,,FALSE,4,1,0,4,0,0,0,0,4
-189573.865204107,-30339.4907920426,155,NEVI Compliant,ELEC,"BOA San Leandro Main CA4-111 (San Leandro, CA)",1400 E 14TH ST,,San Leandro,CA,94577,,833-632-2778,E,,Public,24 hours daily,,,,,,,4,,Electrify America,https://www.electrifyamerica.com/,GPS,37.72408,-122.15392,2024/03/07 00:00:00+00,259858,2024/03/07 03:21:37,,,,2023/04/25 00:00:00+00,,,,,CHADEMO J1772COMBO,US,,,,Public,,public,,,,,,,,,,,,,,,,,,,,,,,,,,,,,FALSE,4,1,0,4,0,0,0,0,4
-76555.7753135032,-293932.850847863,156,NEVI Compliant,ELEC,"Albertsons 1345 (Morro Bay, CA)",730 Quintana Road,,Morro City,CA,93442,,833-632-2778,E,,Public,24 hours daily,,,,,,,4,,Electrify America,https://www.electrifyamerica.com/,GPS,35.36845,-120.84331,2024/03/07 00:00:00+00,260741,2024/03/07 03:21:43,,,,2023/05/12 00:00:00+00,,,,,CHADEMO J1772COMBO,US,,,,Public,,public,,,,,,,,,,,,,,,,,,,,,,,,,,,,,FALSE,4,1,0,4,0,0,0,0,4
-194928.649519906,-21855.4127506176,157,NEVI Compliant,ELEC,3333 Fruitvale Ave,3333 Fruitvale Ave,,Oakland,CA,94602,,877-455-3833,E,,Public,24 hours daily,,,,,,,8,,eVgo Network,https://www.evgo.com/,GPS,37.799268,-122.216992,2024/03/06 00:00:00+00,261101,2024/03/07 00:00:24,,,,2023/05/19 00:00:00+00,,,,,J1772COMBO,US,,,,Public,,public,,,,,,,,,,,,,,,,,,,,,,,,,,,,,FALSE,8,0,0,8,0,0,0,0,6
246044.88525297,-384041.412654605,158,NEVI Compliant,ELEC,"Circle K - Victorville, CA",15825 Mojave Dr,,Victorville,CA,92394,,833-505-2291,E,,Public - Credit card at all times,24 hours daily,A D Debit M V,,,,,,4,,CIRCLE_K,https://www.circlek.com/charge/,GPS,34.52856649,-117.3184403,2023/07/11 00:00:00+00,262363,2024/01/31 22:07:01,P,,,2023/06/01 00:00:00+00,,,,,CHADEMO J1772COMBO,US,,,,Public - Carte de crédit en tout temps,,public,CREDIT_CARD_ALWAYS,,GAS_STATION,,,,,,,,,,,,,,,,,FALSE,,,,,,,,LD,FALSE,4,4,0,4,0,0,0,0,4
158470.835497991,-456443.125689983,159,NEVI Compliant,ELEC,Gateway Crossroads - 661 W Redondo Beach Blvd,661 W Redondo Beach Blvd,,Gardena,CA,90247,,877-455-3833,E,,Public,24 hours daily,,,,,,,4,,eVgo Network,https://www.evgo.com/,GPS,33.894448,-118.286874,2024/03/06 00:00:00+00,262426,2024/03/06 23:59:46,,,,2023/06/08 00:00:00+00,,,,,CHADEMO J1772COMBO,US,,,,Public,,public,,,,,,,,,,,,,,,,,,,,,,,,,,,,,FALSE,4,4,0,4,0,0,0,0,4
173581.026085322,-458261.48952079,160,NEVI Compliant,ELEC,17308 Bellflower Blvd,17308 Bellflower Blvd,,Bellflower,CA,90706,,877-455-3833,E,,Public,24 hours daily,,,,,,,10,,eVgo Network,https://www.evgo.com/,GPS,33.875477,-118.123956,2024/03/06 00:00:00+00,262819,2024/03/06 23:59:23,,,,2023/06/16 00:00:00+00,,,,,J1772COMBO,US,,,,Public,,public,,,,,,,,,,,,,,,,,,,,,,,,,,,,,FALSE,10,0,0,10,0,0,0,0,6
102928.254651567,-414032.431557376,161,NEVI Compliant,ELEC,Clover - 530 Moorpark Ave,530 Moorpark Ave,,Moorpark,CA,93021,,877-455-3833,E,,Public,24 hours daily,,,,,,,4,,eVgo Network,https://www.evgo.com/,GPS,34.284192,-118.881836,2024/03/07 00:00:00+00,262942,2024/03/07 00:01:12,,,,2023/06/20 00:00:00+00,,,,,J1772COMBO,US,,,,Public,,public,,,,,,,,,,,,,,,,,,,,,,,,,,,,,FALSE,4,0,0,4,0,0,0,0,4
274162.489434308,-544983.124162855,162,NEVI Compliant,ELEC,"Westfield North County (Escondido, CA)",272 East Via Rancho Pkwy,,Escondido,CA,92025,,833-632-2778,E,,Public,24 hours daily,,,,,,,6,,Electrify America,https://www.electrifyamerica.com/,GPS,33.07039,-117.06644,2024/03/07 00:00:00+00,279328,2024/03/07 03:22:06,,,,2023/06/22 00:00:00+00,,,,,CHADEMO J1772COMBO,US,,,,Public,,public,,,,,,,,,,,,,,,,,,,,,,,,,,,,,FALSE,6,1,0,6,0,0,0,0,6
275761.631002056,-590726.459892275,163,NEVI Compliant,ELEC,"Westfield Plaza Bonita (National City, CA)",3010 Plaza Bonita Rd,,National City,CA,91950,,833-632-2778,E,,Public,24 hours daily,,,,,,,6,,Electrify America,https://www.electrifyamerica.com/,GPS,32.65716,-117.06449,2024/03/07 00:00:00+00,279329,2024/03/07 03:22:07,,,,2023/06/22 00:00:00+00,,,,,CHADEMO J1772COMBO,US,,,,Public,,public,,,,,,,,,,,,,,,,,,,,,,,,,,,,,FALSE,6,1,0,6,0,0,0,0,6
267371.023396481,-578771.100710101,164,NEVI Compliant,ELEC,"Mission Valley (San Diego, CA)",1640 Camino Del Rio N,,San Diego,CA,92108,,833-632-2778,E,,Public,24 hours daily,,,,,,,6,,Electrify America,https://www.electrifyamerica.com/,GPS,32.76738,-117.14993,2024/03/07 00:00:00+00,279331,2024/03/07 03:21:20,,,,2023/06/22 00:00:00+00,,,,,CHADEMO J1772COMBO,US,,,,Public,,public,,,,,,,,,,,,,,,,,,,,,,,,,,,,,FALSE,6,1,0,6,0,0,0,0,6
-249851.612040412,69748.774982472,165,NEVI Compliant,ELEC,"Albertsons-Safeway 0998 (Healdsburg, CA)",1115 Vine St,,Healdsburg,CA,95448,,833-632-2778,E,,Public,24 hours daily,,,,,,,4,,Electrify America,https://www.electrifyamerica.com/,GPS,38.60976,-122.87287,2024/03/07 00:00:00+00,279332,2024/03/07 03:20:23,,,,2023/06/22 00:00:00+00,,,,,CHADEMO J1772COMBO,US,,,,Public,,public,,,,,,,,,,,,,,,,,,,,,,,,,,,,,FALSE,4,1,0,4,0,0,0,0,4
114597.154600603,-428266.291835813,166,NEVI Compliant,ELEC,"Regency Twin Oaks SC (Agoura Hills, CA)",5727-5825 Kanan Rd,,Agoura Hills,CA,91301,,833-632-2778,E,,Public,24 hours daily,,,,,,,4,,Electrify America,https://www.electrifyamerica.com/,GPS,34.1546,-118.75711,2024/03/07 00:00:00+00,279333,2024/03/07 03:20:35,,,,2023/06/22 00:00:00+00,,,,,CHADEMO J1772COMBO,US,,,,Public,,public,,,,,,,,,,,,,,,,,,,,,,,,,,,,,FALSE,4,1,0,4,0,0,0,0,4
-211313.820298831,-23758.8606100082,167,NEVI Compliant,ELEC,Harrison Street Flagship,928 Harrison Street,,San Francisco,CA,94107,,833-632-2778,E,,Public,24 hours daily,,,,,,,20,,Electrify America,https://www.electrifyamerica.com/,GPS,37.77856,-122.40272,2024/03/07 00:00:00+00,279342,2024/03/07 03:22:18,,,,2023/06/22 00:00:00+00,,,,,CHADEMO J1772COMBO,US,,,,Public,,public,,,,,,,,,,,,,,,,,,,,,,,,,,,,,FALSE,20,1,0,20,0,0,0,0,20
84585.6204332263,-407483.055991175,168,NEVI Compliant,ELEC,"Brixmor Santa Paula Center (Santa Paula, CA)",535 W Main St,,Santa Paula,CA,93060,,833-632-2778,E,,Public,24 hours daily,,,,,,,4,,Electrify America,https://www.electrifyamerica.com/,GPS,34.34499,-119.0804,2024/03/07 00:00:00+00,279345,2024/03/07 03:22:08,,,,2023/06/22 00:00:00+00,,,,,CHADEMO J1772COMBO,US,,,,Public,,public,,,,,,,,,,,,,,,,,,,,,,,,,,,,,FALSE,4,1,0,4,0,0,0,0,4
-165744.65655713,1124.32880913373,169,NEVI Compliant,ELEC,"BOA CA4-107 (Pittsburg, CA)",2501 Railroad Ave,,Pittsburg,CA,94565,,833-632-2778,E,,Public,24 hours daily,,,,,,,4,,Electrify America,https://www.electrifyamerica.com/,GPS,38.01162,-121.89038,2024/03/07 00:00:00+00,279353,2024/03/07 03:22:07,,,,2023/06/22 00:00:00+00,,,,,J1772COMBO,US,,,,Public,,public,,,,,,,,,,,,,,,,,,,,,,,,,,,,,FALSE,4,0,0,4,0,0,0,0,4
238047.760614139,-426929.912230616,170,NEVI Compliant,ELEC,"4 Gen Logistics Green City (Rialto, CA)",2298 Stonehurst Drive,,Rialto,CA,92377,,833-632-2778,E,,Public,24 hours daily,,,,,,,14,,Electrify America,https://www.electrifyamerica.com/,GPS,34.1442,-117.41828,2024/03/07 00:00:00+00,279362,2024/03/07 03:21:19,,,,2023/06/22 00:00:00+00,,,,,J1772COMBO,US,,,,Public,,public,,,,,,,,,,,,,,,,,,,,,,,,,,,,,FALSE,14,0,0,14,0,0,0,0,14
240087.843758653,-429326.661038954,171,NEVI Compliant,ELEC,1310 W Baseline Rd,1310 W Base Line Rd,,Rialto,CA,92376,,877-455-3833,E,,Public,24 hours daily,,,,,,,6,,eVgo Network,https://www.evgo.com/,GPS,34.122101,-117.396879,2024/03/06 00:00:00+00,296796,2024/03/06 23:59:18,,,,2023/06/24 00:00:00+00,,,,,CHADEMO J1772COMBO,US,,,,Public,,public,,,,,,,,,,,,,,,,,,,,,,,,,,,,,FALSE,6,6,0,6,0,0,0,0,4
-178211.074583565,-45610.3508082032,172,NEVI Compliant,ELEC,El Mercado Plaza Shopping Center,34300 Alvarado Niles Rd,,Union City,CA,94587,,877-455-3833,E,,Public,24 hours daily,,,,,,,6,,eVgo Network,https://www.evgo.com/,GPS,37.5889939,-122.02116,2024/03/06 00:00:00+00,296797,2024/03/06 23:59:26,,,,2023/06/24 00:00:00+00,,,,,CHADEMO J1772COMBO,US,,,,Public,,public,,,,,,,,,,,,,,,,,,,,,,,,,,,,,FALSE,6,6,0,6,0,0,0,0,4
149077.526122604,-461782.146115238,173,NEVI Compliant,ELEC,Haagen Redondo Beach (RDB),302 Beryl St,,Redondo Beach,CA,90277,,877-455-3833,E,,Public,24 hours daily,,,,,,,6,,eVgo Network,https://www.evgo.com/,GPS,33.8478,-118.38938,2024/03/06 00:00:00+00,298655,2024/03/06 23:59:40,,,,2023/06/28 00:00:00+00,,,,,CHADEMO J1772COMBO,US,,,,Public,,public,,,,,,,,,,,,,,,,,,,,,,,,,,,,,FALSE,6,6,0,6,0,0,0,0,4
245074.699837654,-388960.681595411,174,NEVI Compliant,ELEC,"Circle K - Victorville, CA",15289 Nisqualli Rd,,Victorville,CA,92395,,833-505-2291,E,,Public - Credit card at all times,24 hours daily,A D Debit M V,,,,,,4,,CIRCLE_K,https://www.circlek.com/charge/,GPS,34.48450543,-117.3305176,2023/10/12 00:00:00+00,302207,2024/01/31 22:07:01,P,,,2023/07/06 00:00:00+00,,,,,CHADEMO J1772COMBO,US,,,,Public - Carte de crédit en tout temps,,public,CREDIT_CARD_ALWAYS,,GAS_STATION,,,,,,,,,,,,,,,,,FALSE,,,,,,,,LD,FALSE,4,4,0,4,0,0,0,0,4
230688.765407048,-462541.033563653,175,NEVI Compliant,ELEC,"Circle K - Corona, CA",8590 Cajalco Rd,,Corona,CA,92881,,833-505-2291,E,,Public - Credit card at all times,24 hours daily,A D Debit M V,,,,,,4,,CIRCLE_K,https://www.circlek.com/charge/,GPS,33.82503856,-117.5082025,2023/10/12 00:00:00+00,302208,2024/01/31 22:07:01,P,,,2023/07/06 00:00:00+00,,,,,CHADEMO J1772COMBO,US,,,,Public - Carte de crédit en tout temps,,public,CREDIT_CARD_ALWAYS,,GAS_STATION,,,,,,,,,,,,,,,,,FALSE,,,,,,,,LD,FALSE,4,4,0,4,0,0,0,0,4
148456.118472344,-456011.644660695,176,NEVI Compliant,ELEC,Manhattan Village,3200 N Sepulveda Blvd,,Manhattan Beach,CA,90266,,877-455-3833,E,,Public,24 hours daily,,,,,,,8,,eVgo Network,https://www.evgo.com/,GPS,33.8999178,-118.3950371,2024/03/06 00:00:00+00,302212,2024/03/06 23:56:27,,,,2023/07/07 00:00:00+00,,,,,CHADEMO J1772COMBO,US,,,,Public,,public,,,,,,,,,,,,,,,,,,,,,,,,,,,,,FALSE,8,2,0,8,0,0,0,0,6
-200542.672954185,611.233581202105,177,NEVI Compliant,ELEC,Sprouts,1300 Pinole Valley Rd,,Pinole,CA,94564,,877-455-3833,E,,Public,24 hours daily,,,,,,,6,,eVgo Network,https://www.evgo.com/,GPS,38.00011,-122.28698,2024/03/06 00:00:00+00,306555,2024/03/06 23:58:33,,,,2023/08/08 00:00:00+00,,,,,CHADEMO J1772COMBO,US,,,,Public,,public,,,,,,,,,,,,,,,,,,,,,,,,,,,,,FALSE,6,6,0,6,0,0,0,0,4
157729.534920586,-437067.399010912,178,NEVI Compliant,ELEC,Vons #2261 3rd St.,3461 W 3rd St,,Los Angeles,CA,90020,,877-455-3833,E,,Public,24 hours daily,,,,,,,6,,eVgo Network,https://www.evgo.com/,GPS,34.069222,-118.291111,2024/03/06 00:00:00+00,307474,2024/03/06 23:57:02,,,,2023/08/18 00:00:00+00,,,,,CHADEMO J1772COMBO,US,,,,Public,,public,,,,,,,,,,,,,,,,,,,,,,,,,,,,,FALSE,6,2,0,6,0,0,0,0,4
-179818.984409365,-70235.8322700402,179,NEVI Compliant,ELEC,Sunnyvale Shopping Center,721 Sunnyvale Saratoga Rd,,Sunnyvale,CA,94087,,877-455-3833,E,,Public,24 hours daily,,,,,,,10,,eVgo Network,https://www.evgo.com/,GPS,37.3672117,-122.0334012,2024/03/06 00:00:00+00,311376,2024/03/06 23:56:37,,,,2023/09/22 00:00:00+00,,,,,CHADEMO J1772COMBO,US,,,,Public,,public,,,,,,,,,,,,,,,,,,,,,,,,,,,,,FALSE,10,10,0,10,0,0,0,0,8
-203278.334281467,-8167.82812069543,180,NEVI Compliant,ELEC,Del Norte Plaza,11279 San Pablo Ave,,El Cerrito,CA,94530,,877-455-3833,E,,Public,24 hours daily,,,,,,,8,,eVgo Network,https://www.evgo.com/,GPS,37.920564,-122.31572,2024/03/06 00:00:00+00,311658,2024/03/07 00:00:38,,,,2023/09/27 00:00:00+00,,,,,CHADEMO J1772COMBO,US,,,,Public,,public,,,,,,,,,,,,,,,,,,,,,,,,,,,,,FALSE,8,2,0,8,0,0,0,0,6
287270.388185914,-574379.586283911,181,NEVI Compliant,ELEC,Madison Plaza Shopping Center,540 N 2nd St,,El Cajon,CA,92021,,877-455-3833,E,,Public,24 hours daily,,,,,,,8,,eVgo Network,https://www.evgo.com/,GPS,32.80141,-116.93644,2024/03/06 00:00:00+00,312010,2024/03/06 23:56:53,,,,2023/09/29 00:00:00+00,,,,,CHADEMO J1772COMBO,US,,,,Public,,public,,,,,,,,,,,,,,,,,,,,,,,,,,,,,FALSE,8,8,0,8,0,0,0,0,6
-212582.741318066,-25180.020569765,182,NEVI Compliant,ELEC,2860 16th St,2860 16th St,,San Francisco,CA,94103,,877-455-3833,E,,Public,24 hours daily,,,,,,,8,,eVgo Network,https://www.evgo.com/,GPS,37.76549,-122.41673,2024/03/06 00:00:00+00,312526,2024/03/06 23:59:18,,,,2023/10/06 00:00:00+00,,,,,CHADEMO J1772COMBO,US,,,,Public,,public,,,,,,,,,,,,,,,,,,,,,,,,,,,,,FALSE,8,2,0,8,0,0,0,0,6
248873.071029101,-536570.587330922,183,NEVI Compliant,ELEC,Vons Carlsbad #2343 - 985 Tamarack Ave,985 Tamarack Ave,,Carlsbad,CA,92008,,877-455-3833,E,,Public,24 hours daily,,,,,,,6,,eVgo Network,https://www.evgo.com/,GPS,33.15302,-117.33436,2024/03/06 00:00:00+00,316477,2024/03/07 00:00:06,,,,2023/11/01 00:00:00+00,,,,,CHADEMO J1772COMBO,US,,,,Public,,public,,,,,,,,,,,,,,,,,,,,,,,,,,,,,FALSE,6,6,0,6,0,0,0,0,4
-201115.350899332,-15830.7274839785,184,NEVI Compliant,ELEC,Ashby Plaza,1025 Ashby Ave,,Berkeley,CA,94710,,877-455-3833,E,,Public,24 hours daily,,,,,,,8,,eVgo Network,https://www.evgo.com/,GPS,37.8521253,-122.2889822,2024/03/06 00:00:00+00,321323,2024/03/06 23:59:51,,,,2023/12/02 00:00:00+00,,,,,J1772COMBO,US,,,,Public,,public,,,,,,,,,,,,,,,,,,,,,,,,,,,,,FALSE,8,0,0,8,0,0,0,0,8
-153659.357462175,-34331.2722231047,185,NEVI Compliant,ELEC,Lowe's of Livermore,4255 1st St,,Livermore,CA,94551,,877-455-3833,E,,Public,24 hours daily,,,,,,,10,,eVgo Network,https://www.evgo.com/,GPS,37.6948221,-121.7451335,2024/03/06 00:00:00+00,323110,2024/03/07 00:00:43,,,,2023/12/20 00:00:00+00,,,,,J1772COMBO,US,,,,Public,,public,,,,,,,,,,,,,,,,,,,,,,,,,,,,,FALSE,10,0,0,10,0,0,0,0,10
-158511.062568687,-896.562738212757,186,NEVI Compliant,ELEC,Terrace Shopping Center,2799 Lone Tree Way,,Antioch,CA,94509,,877-455-3833,E,,Public,24 hours daily,,,,,,,8,,eVgo Network,https://www.evgo.com/,GPS,37.9947134,-121.8074598,2024/03/06 00:00:00+00,323405,2024/03/07 00:00:37,,,,2023/12/22 00:00:00+00,,,,,J1772COMBO,US,,,,Public,,public,,,,,,,,,,,,,,,,,,,,,,,,,,,,,FALSE,8,0,0,8,0,0,0,0,8
218582.925129629,-439292.004636871,187,NEVI Compliant,ELEC,"NFI Depot Green City (Ontario, CA)",2009 S Cucamonga Ave,,Ontario,CA,91761,,833-632-2778,E,,Public,24 hours daily,,,,,,,10,,Electrify America,https://www.electrifyamerica.com/,GPS,34.03738,-117.63264,2024/03/07 00:00:00+00,323463,2024/03/07 03:20:34,,,,2023/12/23 00:00:00+00,,,,,J1772COMBO,US,,,,Public,,public,,,,,,,,,,,,,,,,,,,,,,,,,,,,,FALSE,10,0,0,10,0,0,0,0,10
141463.883944247,-425510.492057713,188,NEVI Compliant,ELEC,5810 Sepulveda,5810 Sepulveda Blvd,,Van Nuys,CA,91411,,877-455-3833,E,,Public,24 hours daily,,,,,,,6,,eVgo Network,https://www.evgo.com/,GPS,34.17589,-118.46528,2024/03/06 00:00:00+00,323559,2024/03/06 23:59:58,,,,2023/12/28 00:00:00+00,,,,,CHADEMO J1772COMBO,US,,,,Public,,public,,,,,,,,,,,,,,,,,,,,,,,,,,,,,FALSE,6,2,0,6,0,0,0,0,4
-151841.908600912,-31704.1121497685,189,NEVI Compliant,ELEC,Vasco Plaza Shopping Center,1600 N Vasco Rd,,Livermore,CA,94551,,877-455-3833,E,,Public,24 hours daily,,,,,,,10,,eVgo Network,https://www.evgo.com/,GPS,37.71875,-121.72504,2024/03/06 00:00:00+00,323782,2024/03/06 23:57:44,,,,2024/01/03 00:00:00+00,,,,,CHADEMO J1772COMBO,US,,,,Public,,public,,,,,,,,,,,,,,,,,,,,,,,,,,,,,FALSE,10,10,0,10,0,0,0,0,10
-107106.863244583,-24762.6550153838,190,NEVI Compliant,ELEC,Mission Ridge Shopping Center,1169 S Main Street,,Manteca,CA,95337,,877-455-3833,E,,Public,24 hours daily,,,,,,,6,,eVgo Network,https://www.evgo.com/,GPS,37.78743,-121.2179,2024/03/06 00:00:00+00,326184,2024/03/06 23:59:56,,,,2024/01/19 00:00:00+00,,,,,J1772COMBO,US,,,,Public,,public,,,,,,,,,,,,,,,,,,,,,,,,,,,,,FALSE,6,0,0,6,0,0,0,0,6
201522.568330322,-470547.142755503,191,NEVI Compliant,ELEC,Oak Tree Tustin,17580 17th Street,,Tustin,CA,92780,,888-998-2546,E,,Public,24 hours daily,,,,,,,11,,Blink Network,http://www.blinkcharging.com/,GPS,33.75933789,-117.8251092,2024/03/07 00:00:00+00,326516,2024/03/07 00:02:45,,,,2023/12/14 00:00:00+00,,,,,CHADEMO J1772COMBO,US,,,,Public,,public,,,,,,,,,,,,,,,,,,,,,,,,,,,,,FALSE,11,8,0,11,0,0,0,0,11
252405.304265574,-533568.364171667,192,NEVI Compliant,ELEC,Quarry Creek,3460 Marron Road,,Oceanside,CA,92056,,877-455-3833,E,,Public,24 hours daily,,,,,,,4,,eVgo Network,https://www.evgo.com/,GPS,33.1792,-117.29563,2024/03/06 00:00:00+00,327134,2024/03/07 00:00:18,,,,2024/01/31 00:00:00+00,,,,,J1772COMBO,US,,,,Public,,public,,,,,,,,,,,,,,,,,,,,,,,,,,,,,FALSE,4,0,0,4,0,0,0,0,4
149263.140304571,-447552.208427908,193,NEVI Compliant,ELEC,Airport Marina Ford,5880 W Centinela Ave.,,Los Angeles,CA,90045,,866-816-7584,E,,Public,,,,,,,,4,,EV Connect,http://evconnect.com/,GPS,33.976053,-118.384756,2024/03/07 00:00:00+00,328767,2024/03/07 03:28:05,,,,2024/02/20 00:00:00+00,,,,,J1772COMBO,US,,,,Public,,public,,,,,,,,,,,,,,,,,,,,,,,,,,,,,FALSE,4,0,0,4,0,0,0,0,4
11365.2031394595,-134265.173798179,194,NEVI Compliant,ELEC,Retail West Inc. Shopping Center - Fresno,4410 W Shaw Ave,,Fresno,CA,93722,,877-455-3833,E,,Public,24 hours daily,,,,,,,6,,eVgo Network,https://www.evgo.com/,GPS,36.80846,-119.87245,2024/03/06 00:00:00+00,329181,2024/03/06 23:59:18,,,,2024/02/23 00:00:00+00,,,,,J1772COMBO,US,,,,Public,,public,,,,,,,,,,,,,,,,,,,,,,,,,,,,,FALSE,6,0,0,6,0,0,0,0,6
-180946.630535209,-3465.26019563992,195,NEVI Compliant,ELEC,Sunvalley Shopping Center,341 Sun Valley Mall,,Concord,CA,94520,,877-455-3833,E,,Public,24 hours daily,,,,,,,8,,eVgo Network,https://www.evgo.com/,GPS,37.9674927,-122.062572,2024/03/06 00:00:00+00,329685,2024/03/07 00:00:30,,,,2024/03/01 00:00:00+00,,,,,CHADEMO J1772COMBO,US,,,,Public,,public,,,,,,,,,,,,,,,,,,,,,,,,,,,,,FALSE,8,8,0,8,0,0,0,0,6
-202018.528329866,-51668.8304711357,196,NEVI Compliant,ELEC,4200 Dumont,4242 S El Camino Real,,San Mateo,CA,94403,,877-455-3833,E,,Public,24 hours daily,,,,,,,6,,eVgo Network,https://www.evgo.com/,GPS,37.52964,-122.28941,2024/03/06 00:00:00+00,329759,2024/03/06 23:56:45,,,,2024/03/02 00:00:00+00,,,,,J1772COMBO,US,,,,Public,,public,,,,,,,,,,,,,,,,,,,,,,,,,,,,,FALSE,6,0,0,6,0,0,0,0,6
-186490.914112064,-37016.182265426,197,NEVI Compliant,ELEC,Bedford Plaza,20812 Hesperian Blvd,,Hayward,CA,94541,,877-455-3833,E,,Public,24 hours daily,,,,,,,6,,eVgo Network,https://www.evgo.com/,GPS,37.6646595,-122.11721,2024/03/06 00:00:00+00,329760,2024/03/06 23:57:22,,,,2024/03/02 00:00:00+00,,,,,J1772COMBO,US,,,,Public,,public,,,,,,,,,,,,,,,,,,,,,,,,,,,,,FALSE,6,0,0,6,0,0,0,0,6
